horizon_hours,actual_demand_rank,forecast_origin,timestamp,actual_kwh,frozen_selected_model,frozen_selected_prediction_kwh,stage5b_prediction_kwh,absolute_error_before_kwh,absolute_error_after_kwh,absolute_error_change_kwh,p_high_demand,high_demand_threshold_kwh
24,1,2025-09-19T23:00:00+02:00,2025-09-20T20:00:00+02:00,17.316185669,M2_GBT_HISTORY,2.351872848294578,5.027755763643734,14.964312820705421,12.288429905356265,-2.675882915349156,0.6281544251904729,3.7975427456000026
24,2,2025-09-19T23:00:00+02:00,2025-09-20T19:00:00+02:00,16.391951021,M2_GBT_HISTORY,2.8130093972962196,5.919370461852728,13.57894162370378,10.472580559147271,-3.106361064556509,0.568445617481573,3.7975427456000026
24,3,2025-09-19T23:00:00+02:00,2025-09-20T18:00:00+02:00,15.731906587,M2_GBT_HISTORY,2.41646286630898,4.402714816554807,13.315443720691018,11.329191770445192,-1.9862519502458262,0.3835509320875105,3.7975427456000026
24,4,2025-09-19T23:00:00+02:00,2025-09-20T17:00:00+02:00,14.80883985,M2_GBT_HISTORY,2.2031317901881096,3.0041066697155876,12.60570805981189,11.804733180284412,-0.8009748795274785,0.2619346054076363,3.7975427456000026
24,5,2025-09-10T23:00:00+02:00,2025-09-11T19:00:00+02:00,14.736769083,M2_GBT_HISTORY,2.3108097192953,2.6354122226026044,12.4259593637047,12.101356860397395,-0.32460250330730567,0.270544434751414,3.343047598300002
24,6,2025-09-19T23:00:00+02:00,2025-09-20T21:00:00+02:00,10.58461513,M2_GBT_HISTORY,1.7227556728082003,2.7865620780098865,8.8618594571918,7.798053051990113,-1.063806405201687,0.27513621003249233,3.7975427456000026
24,7,2025-09-07T23:00:00+02:00,2025-09-08T20:00:00+02:00,10.166290178,M2_GBT_HISTORY,1.5377071544625527,1.6683840068232454,8.628583023537448,8.497906171176755,-0.13067685236069337,0.0795534571072106,3.112946172899999
24,8,2025-09-22T23:00:00+02:00,2025-09-23T21:00:00+02:00,9.06390163,M2_GBT_HISTORY,2.1236451713421034,9.685862839684145,6.940256458657897,0.6219612096841445,-6.318295248973753,0.9300472763704067,4.509140465700005
24,9,2025-09-07T23:00:00+02:00,2025-09-08T21:00:00+02:00,8.329325808,M2_GBT_HISTORY,1.4399786891697115,1.3956673581297987,6.889347118830289,6.933658449870201,0.04431133103991236,0.05568897828019654,3.112946172899999
24,10,2025-09-07T23:00:00+02:00,2025-09-08T19:00:00+02:00,7.591554931,M2_GBT_HISTORY,1.8976075523786604,1.795233664581332,5.69394737862134,5.796321266418668,0.10237388779732814,0.09699872973708036,3.112946172899999
72,1,2025-09-19T23:00:00+02:00,2025-09-20T20:00:00+02:00,17.316185669,M1_GBT_CAL_WEATHER,3.530355879810193,5.027755763643734,13.785829789189807,12.288429905356265,-1.4973998838335412,0.6281544251904729,3.7975427456000026
72,2,2025-09-13T23:00:00+02:00,2025-09-16T19:00:00+02:00,16.628074464,M1_GBT_CAL_WEATHER,5.562286241300066,6.135340641593304,11.065788222699934,10.492733822406697,-0.5730544002932376,0.6743156791866867,3.481469789
72,3,2025-09-19T23:00:00+02:00,2025-09-20T19:00:00+02:00,16.391951021,M1_GBT_CAL_WEATHER,5.262256642643934,5.919370461852728,11.129694378356067,10.472580559147271,-0.6571138192087957,0.568445617481573,3.7975427456000026
72,4,2025-09-19T23:00:00+02:00,2025-09-20T18:00:00+02:00,15.731906587,M1_GBT_CAL_WEATHER,5.262256642643934,4.402714816554807,10.469649944356064,11.329191770445192,0.8595418260891279,0.3835509320875105,3.7975427456000026
72,5,2025-09-13T23:00:00+02:00,2025-09-15T19:00:00+02:00,15.211512589,M1_GBT_CAL_WEATHER,4.838917585019432,3.654565044301328,10.372595003980567,11.556947544698673,1.1843525407181055,0.41156257292423193,3.481469789
72,6,2025-09-10T23:00:00+02:00,2025-09-12T19:00:00+02:00,15.019444162,M1_GBT_CAL_WEATHER,3.309384633370794,2.1303506554955587,11.710059528629206,12.889093506504441,1.1790339778752355,0.1499415305117058,3.343047598300002
72,7,2025-09-19T23:00:00+02:00,2025-09-20T17:00:00+02:00,14.80883985,M1_GBT_CAL_WEATHER,3.1307373615344423,3.0041066697155876,11.678102488465559,11.804733180284412,0.12663069181885334,0.2619346054076363,3.7975427456000026
72,8,2025-09-10T23:00:00+02:00,2025-09-11T19:00:00+02:00,14.736769083,M1_GBT_CAL_WEATHER,3.963562179090845,2.6354122226026044,10.773206903909156,12.101356860397395,1.3281499564882395,0.270544434751414,3.343047598300002
72,9,2025-09-25T23:00:00+02:00,2025-09-28T21:00:00+02:00,13.803698005,M1_GBT_CAL_WEATHER,2.6854116338016993,5.825605464723322,11.1182863711983,7.978092540276677,-3.140193830921623,0.6081933932504392,4.728316851300005
72,10,2025-09-25T23:00:00+02:00,2025-09-28T22:00:00+02:00,13.803691127,M1_GBT_CAL_WEATHER,2.0493053758077306,3.429380415463294,11.75438575119227,10.374310711536706,-1.3800750396555639,0.2648741715758094,4.728316851300005
168,1,2025-09-13T23:00:00+02:00,2025-09-20T20:00:00+02:00,17.316185669,M1_GBT_CAL_WEATHER,4.292313491207371,5.041606110193926,13.02387217779263,12.274579558806074,-0.749292618986555,0.5975061117613703,3.481469789
168,2,2025-09-16T23:00:00+02:00,2025-09-20T20:00:00+02:00,17.316185669,M1_GBT_CAL_WEATHER,4.336513136487586,6.429557370255318,12.979672532512414,10.886628298744682,-2.0930442337677313,0.8904334859006148,3.7708782645000003
168,3,2025-09-19T23:00:00+02:00,2025-09-20T20:00:00+02:00,17.316185669,M1_GBT_CAL_WEATHER,3.530355879810193,5.027755763643734,13.785829789189807,12.288429905356265,-1.4973998838335412,0.6281544251904729,3.7975427456000026
168,4,2025-09-10T23:00:00+02:00,2025-09-16T19:00:00+02:00,16.628074464,M1_GBT_CAL_WEATHER,4.533171800956807,2.9164221741670437,12.094902663043193,13.711652289832957,1.6167496267897636,0.2560121599024901,3.343047598300002
168,5,2025-09-13T23:00:00+02:00,2025-09-16T19:00:00+02:00,16.628074464,M1_GBT_CAL_WEATHER,5.562286241300066,6.135340641593304,11.065788222699934,10.492733822406697,-0.5730544002932376,0.6743156791866867,3.481469789
168,6,2025-09-13T23:00:00+02:00,2025-09-20T19:00:00+02:00,16.391951021,M1_GBT_CAL_WEATHER,4.838917585019432,4.789569221999846,11.553033435980568,11.602381799000154,0.04934836301958612,0.55667117120368,3.481469789
168,7,2025-09-16T23:00:00+02:00,2025-09-20T19:00:00+02:00,16.391951021,M1_GBT_CAL_WEATHER,5.424898312704568,7.644882610797491,10.967052708295434,8.747068410202509,-2.2199842980929247,0.9116629033018754,3.7708782645000003
168,8,2025-09-19T23:00:00+02:00,2025-09-20T19:00:00+02:00,16.391951021,M1_GBT_CAL_WEATHER,5.262256642643934,5.919370461852728,11.129694378356067,10.472580559147271,-0.6571138192087957,0.568445617481573,3.7975427456000026
168,9,2025-09-13T23:00:00+02:00,2025-09-20T18:00:00+02:00,15.731906587,M1_GBT_CAL_WEATHER,4.838917585019432,4.143227100961521,10.892989001980567,11.588679486038478,0.695690484057911,0.3836171548605514,3.481469789
168,10,2025-09-16T23:00:00+02:00,2025-09-20T18:00:00+02:00,15.731906587,M1_GBT_CAL_WEATHER,5.424898312704568,6.842965747817206,10.30700827429543,8.888940839182794,-1.4180674351126363,0.8007665223536172,3.7708782645000003
