timestamp,temperature_2m,relative_humidity_2m,precipitation,cloud_cover,wind_speed_10m,shortwave_radiation,direct_radiation,diffuse_radiation
2025-08-01T00:00:00+02:00,24.3,78,0.0,6,2.7,0.0,0.0,0.0
2025-08-01T01:00:00+02:00,23.9,81,0.0,4,1.2,0.0,0.0,0.0
2025-08-01T02:00:00+02:00,23.5,84,0.0,8,2.8,0.0,0.0,0.0
2025-08-01T03:00:00+02:00,23.2,85,0.0,32,4.6,0.0,0.0,0.0
2025-08-01T04:00:00+02:00,22.9,86,0.0,31,4.4,0.0,0.0,0.0
2025-08-01T05:00:00+02:00,22.8,87,0.0,9,4.5,0.0,0.0,0.0
2025-08-01T06:00:00+02:00,22.1,88,0.0,9,4.2,0.0,0.0,0.0
2025-08-01T07:00:00+02:00,21.7,89,0.0,6,3.6,1.0,0.0,1.0
2025-08-01T08:00:00+02:00,22.6,86,0.0,14,2.9,68.0,35.0,33.0
2025-08-01T09:00:00+02:00,24.2,78,0.0,22,5.3,201.0,127.0,74.0
2025-08-01T10:00:00+02:00,25.2,75,0.0,19,7.6,349.0,238.0,111.0
2025-08-01T11:00:00+02:00,26.1,69,0.0,35,8.5,462.0,322.0,140.0
2025-08-01T12:00:00+02:00,26.9,68,0.1,32,8.4,653.0,522.0,131.0
2025-08-01T13:00:00+02:00,27.2,69,0.1,31,9.9,692.0,519.0,173.0
2025-08-01T14:00:00+02:00,27.2,69,0.1,50,13.2,738.0,485.0,253.0
2025-08-01T15:00:00+02:00,26.8,72,0.1,70,13.0,646.0,403.0,243.0
2025-08-01T16:00:00+02:00,26.8,72,0.1,40,15.0,633.0,464.0,169.0
2025-08-01T17:00:00+02:00,26.9,71,0.0,36,15.1,589.0,450.0,139.0
2025-08-01T18:00:00+02:00,26.8,70,0.0,45,13.8,423.0,246.0,177.0
2025-08-01T19:00:00+02:00,26.0,75,0.1,30,10.5,306.0,204.0,102.0
2025-08-01T20:00:00+02:00,25.3,79,0.2,17,8.8,116.0,63.0,53.0
2025-08-01T21:00:00+02:00,24.8,80,0.0,99,6.1,46.0,21.0,25.0
2025-08-01T22:00:00+02:00,24.4,83,0.0,99,4.7,0.0,0.0,0.0
2025-08-01T23:00:00+02:00,24.4,83,0.0,90,4.3,0.0,0.0,0.0
2025-08-02T00:00:00+02:00,23.4,89,0.0,70,4.0,0.0,0.0,0.0
2025-08-02T01:00:00+02:00,24.1,85,0.0,52,3.8,0.0,0.0,0.0
2025-08-02T02:00:00+02:00,23.8,87,0.0,29,3.5,0.0,0.0,0.0
2025-08-02T03:00:00+02:00,23.4,89,0.0,18,4.6,0.0,0.0,0.0
2025-08-02T04:00:00+02:00,23.2,92,0.0,8,4.9,0.0,0.0,0.0
2025-08-02T05:00:00+02:00,22.4,94,0.2,14,5.4,0.0,0.0,0.0
2025-08-02T06:00:00+02:00,22.3,93,0.1,57,4.3,0.0,0.0,0.0
2025-08-02T07:00:00+02:00,22.3,92,0.3,98,5.0,0.0,0.0,0.0
2025-08-02T08:00:00+02:00,22.9,88,0.3,86,6.7,34.0,12.0,22.0
2025-08-02T09:00:00+02:00,23.9,85,0.4,87,8.1,107.0,36.0,71.0
2025-08-02T10:00:00+02:00,24.5,84,0.4,92,10.7,171.0,46.0,125.0
2025-08-02T11:00:00+02:00,24.6,83,0.3,92,12.5,393.0,202.0,191.0
2025-08-02T12:00:00+02:00,25.1,81,0.4,69,15.0,416.0,171.0,245.0
2025-08-02T13:00:00+02:00,25.4,80,0.3,65,15.1,568.0,336.0,232.0
2025-08-02T14:00:00+02:00,25.5,80,0.4,65,14.5,572.0,323.0,249.0
2025-08-02T15:00:00+02:00,25.4,80,0.3,84,14.0,578.0,356.0,222.0
2025-08-02T16:00:00+02:00,25.4,80,0.2,84,13.2,612.0,425.0,187.0
2025-08-02T17:00:00+02:00,25.4,79,0.1,61,13.7,534.0,376.0,158.0
2025-08-02T18:00:00+02:00,25.5,78,0.1,33,13.6,395.0,231.0,164.0
2025-08-02T19:00:00+02:00,25.6,76,0.0,38,13.0,293.0,187.0,106.0
2025-08-02T20:00:00+02:00,25.1,77,0.0,37,12.0,132.0,73.0,59.0
2025-08-02T21:00:00+02:00,24.5,81,0.0,32,9.9,38.0,17.0,21.0
2025-08-02T22:00:00+02:00,24.3,83,0.0,31,8.6,0.0,0.0,0.0
2025-08-02T23:00:00+02:00,24.0,85,0.0,23,8.3,0.0,0.0,0.0
2025-08-03T00:00:00+02:00,23.4,89,0.0,74,6.0,0.0,0.0,0.0
2025-08-03T01:00:00+02:00,23.0,90,0.0,90,7.4,0.0,0.0,0.0
2025-08-03T02:00:00+02:00,22.6,91,0.0,83,5.9,0.0,0.0,0.0
2025-08-03T03:00:00+02:00,22.2,91,0.1,48,4.4,0.0,0.0,0.0
2025-08-03T04:00:00+02:00,22.0,92,0.1,79,4.0,0.0,0.0,0.0
2025-08-03T05:00:00+02:00,21.5,91,0.1,98,5.9,0.0,0.0,0.0
2025-08-03T06:00:00+02:00,21.6,87,0.2,99,8.3,0.0,0.0,0.0
2025-08-03T07:00:00+02:00,21.6,84,0.0,80,10.9,0.0,0.0,0.0
2025-08-03T08:00:00+02:00,22.3,79,0.0,76,11.7,39.0,17.0,22.0
2025-08-03T09:00:00+02:00,23.6,70,0.0,76,11.7,83.0,23.0,60.0
2025-08-03T10:00:00+02:00,24.1,64,0.0,92,10.7,118.0,24.0,94.0
2025-08-03T11:00:00+02:00,24.5,59,0.1,93,8.1,263.0,123.0,140.0
2025-08-03T12:00:00+02:00,24.4,62,0.0,81,2.5,232.0,47.0,185.0
2025-08-03T13:00:00+02:00,24.7,62,0.0,74,5.6,309.0,79.0,230.0
2025-08-03T14:00:00+02:00,25.2,61,0.0,55,9.2,504.0,226.0,278.0
2025-08-03T15:00:00+02:00,26.0,60,0.0,71,11.2,590.0,380.0,210.0
2025-08-03T16:00:00+02:00,26.5,59,0.0,31,12.5,585.0,345.0,240.0
2025-08-03T17:00:00+02:00,26.6,59,0.0,15,13.8,600.0,428.0,172.0
2025-08-03T18:00:00+02:00,26.5,60,0.0,7,13.3,481.0,322.0,159.0
2025-08-03T19:00:00+02:00,26.3,61,0.0,3,12.9,373.0,272.0,101.0
2025-08-03T20:00:00+02:00,25.8,63,0.0,1,11.8,202.0,136.0,66.0
2025-08-03T21:00:00+02:00,24.7,68,0.0,1,9.3,52.0,27.0,25.0
2025-08-03T22:00:00+02:00,24.2,74,0.0,1,8.2,0.0,0.0,0.0
2025-08-03T23:00:00+02:00,23.4,78,0.0,0,7.1,0.0,0.0,0.0
2025-08-04T00:00:00+02:00,22.7,85,0.0,3,6.7,0.0,0.0,0.0
2025-08-04T01:00:00+02:00,22.5,85,0.0,3,6.5,0.0,0.0,0.0
2025-08-04T02:00:00+02:00,22.4,85,0.0,4,6.0,0.0,0.0,0.0
2025-08-04T03:00:00+02:00,22.1,87,0.0,15,5.8,0.0,0.0,0.0
2025-08-04T04:00:00+02:00,22.1,85,0.0,28,6.7,0.0,0.0,0.0
2025-08-04T05:00:00+02:00,22.0,85,0.0,30,8.3,0.0,0.0,0.0
2025-08-04T06:00:00+02:00,21.8,86,0.0,39,8.6,0.0,0.0,0.0
2025-08-04T07:00:00+02:00,21.8,86,0.0,43,8.6,0.0,0.0,0.0
2025-08-04T08:00:00+02:00,22.9,83,0.0,40,9.3,59.0,31.0,28.0
2025-08-04T09:00:00+02:00,24.1,76,0.0,64,10.1,199.0,126.0,73.0
2025-08-04T10:00:00+02:00,25.6,73,0.0,95,10.5,373.0,244.0,129.0
2025-08-04T11:00:00+02:00,26.9,69,0.0,97,10.6,552.0,412.0,140.0
2025-08-04T12:00:00+02:00,28.4,63,0.0,85,9.2,675.0,523.0,152.0
2025-08-04T13:00:00+02:00,29.2,59,0.0,99,10.3,745.0,536.0,209.0
2025-08-04T14:00:00+02:00,29.7,57,0.0,97,12.6,721.0,499.0,222.0
2025-08-04T15:00:00+02:00,29.7,61,0.0,99,14.9,748.0,516.0,232.0
2025-08-04T16:00:00+02:00,29.1,66,0.0,86,18.4,715.0,510.0,205.0
2025-08-04T17:00:00+02:00,28.8,68,0.0,33,19.7,667.0,505.0,162.0
2025-08-04T18:00:00+02:00,28.4,69,0.0,18,20.0,544.0,415.0,129.0
2025-08-04T19:00:00+02:00,27.9,69,0.0,24,19.7,378.0,281.0,97.0
2025-08-04T20:00:00+02:00,27.1,69,0.0,21,17.2,195.0,127.0,68.0
2025-08-04T21:00:00+02:00,25.8,75,0.0,8,13.3,50.0,26.0,24.0
2025-08-04T22:00:00+02:00,24.9,79,0.0,3,10.2,0.0,0.0,0.0
2025-08-04T23:00:00+02:00,24.2,81,0.0,2,7.6,0.0,0.0,0.0
2025-08-05T00:00:00+02:00,24.0,83,0.0,0,6.5,0.0,0.0,0.0
2025-08-05T01:00:00+02:00,23.7,85,0.0,3,6.3,0.0,0.0,0.0
2025-08-05T02:00:00+02:00,23.5,86,0.0,7,6.3,0.0,0.0,0.0
2025-08-05T03:00:00+02:00,23.3,89,0.0,4,6.8,0.0,0.0,0.0
2025-08-05T04:00:00+02:00,23.0,89,0.0,31,6.9,0.0,0.0,0.0
2025-08-05T05:00:00+02:00,22.8,90,0.0,20,7.4,0.0,0.0,0.0
2025-08-05T06:00:00+02:00,22.6,90,0.0,61,7.9,0.0,0.0,0.0
2025-08-05T07:00:00+02:00,22.6,89,0.0,76,8.0,0.0,0.0,0.0
2025-08-05T08:00:00+02:00,23.9,84,0.0,64,7.4,60.0,32.0,28.0
2025-08-05T09:00:00+02:00,25.9,76,0.0,0,5.3,186.0,101.0,85.0
2025-08-05T10:00:00+02:00,27.8,67,0.0,0,1.2,376.0,256.0,120.0
2025-08-05T11:00:00+02:00,29.4,63,0.0,0,3.5,574.0,469.0,105.0
2025-08-05T12:00:00+02:00,30.1,64,0.0,0,7.6,723.0,610.0,113.0
2025-08-05T13:00:00+02:00,30.2,63,0.0,4,10.7,828.0,710.0,118.0
2025-08-05T14:00:00+02:00,30.2,63,0.0,27,12.1,881.0,761.0,120.0
2025-08-05T15:00:00+02:00,30.1,63,0.0,15,12.5,814.0,674.0,140.0
2025-08-05T16:00:00+02:00,29.6,64,0.0,21,11.4,698.0,520.0,178.0
2025-08-05T17:00:00+02:00,29.8,62,0.0,24,9.0,584.0,442.0,142.0
2025-08-05T18:00:00+02:00,29.9,61,0.0,20,7.4,516.0,403.0,113.0
2025-08-05T19:00:00+02:00,29.2,62,0.0,21,6.9,337.0,240.0,97.0
2025-08-05T20:00:00+02:00,28.4,64,0.0,29,5.8,157.0,89.0,68.0
2025-08-05T21:00:00+02:00,27.3,71,0.0,16,4.3,39.0,20.0,19.0
2025-08-05T22:00:00+02:00,26.4,78,0.0,8,4.9,0.0,0.0,0.0
2025-08-05T23:00:00+02:00,25.7,83,0.0,6,5.6,0.0,0.0,0.0
2025-08-06T00:00:00+02:00,25.6,82,0.0,4,5.3,0.0,0.0,0.0
2025-08-06T01:00:00+02:00,25.3,84,0.0,4,5.4,0.0,0.0,0.0
2025-08-06T02:00:00+02:00,24.8,86,0.0,12,6.0,0.0,0.0,0.0
2025-08-06T03:00:00+02:00,24.1,88,0.0,19,6.2,0.0,0.0,0.0
2025-08-06T04:00:00+02:00,23.2,91,0.0,25,5.8,0.0,0.0,0.0
2025-08-06T05:00:00+02:00,23.1,91,0.0,29,4.0,0.0,0.0,0.0
2025-08-06T06:00:00+02:00,23.0,89,0.0,37,2.8,0.0,0.0,0.0
2025-08-06T07:00:00+02:00,22.5,89,0.0,30,6.8,0.0,0.0,0.0
2025-08-06T08:00:00+02:00,23.9,84,0.0,7,7.6,60.0,32.0,28.0
2025-08-06T09:00:00+02:00,25.4,72,0.0,11,8.2,218.0,151.0,67.0
2025-08-06T10:00:00+02:00,26.8,65,0.0,5,10.5,409.0,323.0,86.0
2025-08-06T11:00:00+02:00,27.6,61,0.0,3,11.5,586.0,487.0,99.0
2025-08-06T12:00:00+02:00,28.4,62,0.0,23,11.9,731.0,626.0,105.0
2025-08-06T13:00:00+02:00,28.4,62,0.0,40,12.3,811.0,690.0,121.0
2025-08-06T14:00:00+02:00,28.4,62,0.0,54,12.3,879.0,749.0,130.0
2025-08-06T15:00:00+02:00,27.8,64,0.0,72,12.6,832.0,706.0,126.0
2025-08-06T16:00:00+02:00,27.7,64,0.0,95,14.6,810.0,699.0,111.0
2025-08-06T17:00:00+02:00,27.6,65,0.0,99,14.9,705.0,576.0,129.0
2025-08-06T18:00:00+02:00,27.7,66,0.0,96,14.8,518.0,352.0,166.0
2025-08-06T19:00:00+02:00,27.2,69,0.0,54,14.8,345.0,224.0,121.0
2025-08-06T20:00:00+02:00,26.4,72,0.0,32,13.2,179.0,96.0,83.0
2025-08-06T21:00:00+02:00,25.5,78,0.0,26,10.0,39.0,16.0,23.0
2025-08-06T22:00:00+02:00,24.4,85,0.0,21,8.0,0.0,0.0,0.0
2025-08-06T23:00:00+02:00,24.2,86,0.0,17,6.1,0.0,0.0,0.0
2025-08-07T00:00:00+02:00,23.9,88,0.0,38,5.4,0.0,0.0,0.0
2025-08-07T01:00:00+02:00,24.1,86,0.0,45,5.2,0.0,0.0,0.0
2025-08-07T02:00:00+02:00,23.3,88,0.0,47,4.0,0.0,0.0,0.0
2025-08-07T03:00:00+02:00,22.7,90,0.0,57,4.6,0.0,0.0,0.0
2025-08-07T04:00:00+02:00,22.3,91,0.0,77,5.2,0.0,0.0,0.0
2025-08-07T05:00:00+02:00,22.2,90,0.0,82,5.8,0.0,0.0,0.0
2025-08-07T06:00:00+02:00,22.1,91,0.0,83,6.5,0.0,0.0,0.0
2025-08-07T07:00:00+02:00,22.0,90,0.0,61,6.8,0.0,0.0,0.0
2025-08-07T08:00:00+02:00,22.1,88,0.0,53,6.2,48.0,20.0,28.0
2025-08-07T09:00:00+02:00,24.0,79,0.0,1,4.3,199.0,124.0,75.0
2025-08-07T10:00:00+02:00,26.3,65,0.0,1,0.6,390.0,301.0,89.0
2025-08-07T11:00:00+02:00,27.9,57,0.0,2,4.2,564.0,453.0,111.0
2025-08-07T12:00:00+02:00,29.1,55,0.0,1,7.2,730.0,623.0,107.0
2025-08-07T13:00:00+02:00,29.7,53,0.0,3,9.8,838.0,727.0,111.0
2025-08-07T14:00:00+02:00,30.1,54,0.0,2,11.0,892.0,779.0,113.0
2025-08-07T15:00:00+02:00,30.1,54,0.0,3,11.1,884.0,772.0,112.0
2025-08-07T16:00:00+02:00,29.9,55,0.0,2,10.3,832.0,721.0,111.0
2025-08-07T17:00:00+02:00,29.8,55,0.0,2,11.9,720.0,615.0,105.0
2025-08-07T18:00:00+02:00,29.4,58,0.0,1,12.0,567.0,470.0,97.0
2025-08-07T19:00:00+02:00,28.6,63,0.0,0,12.2,386.0,303.0,83.0
2025-08-07T20:00:00+02:00,27.5,69,0.0,0,11.2,197.0,136.0,61.0
2025-08-07T21:00:00+02:00,26.2,77,0.0,0,8.4,43.0,22.0,21.0
2025-08-07T22:00:00+02:00,25.1,85,0.0,2,5.4,0.0,0.0,0.0
2025-08-07T23:00:00+02:00,25.4,83,0.0,0,4.2,0.0,0.0,0.0
2025-08-08T00:00:00+02:00,25.1,87,0.0,2,2.4,0.0,0.0,0.0
2025-08-08T01:00:00+02:00,24.1,90,0.0,0,1.9,0.0,0.0,0.0
2025-08-08T02:00:00+02:00,23.6,90,0.0,0,1.7,0.0,0.0,0.0
2025-08-08T03:00:00+02:00,23.3,92,0.0,0,2.4,0.0,0.0,0.0
2025-08-08T04:00:00+02:00,23.2,93,0.0,58,2.8,0.0,0.0,0.0
2025-08-08T05:00:00+02:00,23.1,93,0.0,76,3.4,0.0,0.0,0.0
2025-08-08T06:00:00+02:00,22.8,94,0.0,75,5.0,0.0,0.0,0.0
2025-08-08T07:00:00+02:00,22.4,94,0.0,100,5.5,0.0,0.0,0.0
2025-08-08T08:00:00+02:00,22.6,94,0.0,100,5.3,44.0,18.0,26.0
2025-08-08T09:00:00+02:00,24.4,90,0.0,58,4.2,179.0,94.0,85.0
2025-08-08T10:00:00+02:00,26.5,74,0.0,0,2.4,342.0,204.0,138.0
2025-08-08T11:00:00+02:00,28.0,64,0.0,1,2.7,538.0,379.0,159.0
2025-08-08T12:00:00+02:00,29.3,55,0.0,3,6.2,724.0,602.0,122.0
2025-08-08T13:00:00+02:00,29.8,58,0.0,3,9.0,823.0,700.0,123.0
2025-08-08T14:00:00+02:00,30.4,58,0.0,2,9.7,895.0,772.0,123.0
2025-08-08T15:00:00+02:00,30.4,60,0.0,2,10.2,887.0,776.0,111.0
2025-08-08T16:00:00+02:00,30.3,61,0.0,2,11.0,803.0,680.0,123.0
2025-08-08T17:00:00+02:00,30.0,63,0.0,3,12.3,711.0,599.0,112.0
2025-08-08T18:00:00+02:00,29.4,65,0.0,4,12.9,559.0,463.0,96.0
2025-08-08T19:00:00+02:00,28.7,68,0.0,10,11.6,379.0,297.0,82.0
2025-08-08T20:00:00+02:00,27.8,71,0.0,17,7.8,193.0,133.0,60.0
2025-08-08T21:00:00+02:00,26.4,79,0.0,13,4.7,41.0,21.0,20.0
2025-08-08T22:00:00+02:00,26.3,79,0.0,17,3.0,0.0,0.0,0.0
2025-08-08T23:00:00+02:00,25.7,84,0.0,17,3.5,0.0,0.0,0.0
2025-08-09T00:00:00+02:00,24.9,91,0.0,13,5.3,0.0,0.0,0.0
2025-08-09T01:00:00+02:00,24.4,92,0.0,26,4.5,0.0,0.0,0.0
2025-08-09T02:00:00+02:00,24.9,90,0.0,28,3.4,0.0,0.0,0.0
2025-08-09T03:00:00+02:00,24.9,89,0.0,23,2.4,0.0,0.0,0.0
2025-08-09T04:00:00+02:00,24.5,90,0.0,20,2.1,0.0,0.0,0.0
2025-08-09T05:00:00+02:00,24.2,90,0.0,70,2.8,0.0,0.0,0.0
2025-08-09T06:00:00+02:00,24.1,90,0.0,72,1.4,0.0,0.0,0.0
2025-08-09T07:00:00+02:00,23.9,91,0.0,74,0.7,0.0,0.0,0.0
2025-08-09T08:00:00+02:00,23.9,91,0.0,58,1.9,51.0,26.0,25.0
2025-08-09T09:00:00+02:00,25.3,84,0.0,53,2.0,205.0,136.0,69.0
2025-08-09T10:00:00+02:00,26.9,79,0.0,60,3.1,388.0,300.0,88.0
2025-08-09T11:00:00+02:00,28.3,73,0.0,15,6.0,550.0,426.0,124.0
2025-08-09T12:00:00+02:00,29.3,72,0.0,26,7.7,708.0,587.0,121.0
2025-08-09T13:00:00+02:00,30.1,68,0.0,23,9.5,809.0,680.0,129.0
2025-08-09T14:00:00+02:00,30.4,67,0.0,9,12.1,870.0,749.0,121.0
2025-08-09T15:00:00+02:00,30.3,67,0.0,3,13.9,867.0,747.0,120.0
2025-08-09T16:00:00+02:00,30.2,66,0.0,2,13.9,808.0,692.0,116.0
2025-08-09T17:00:00+02:00,29.9,65,0.0,1,12.4,703.0,594.0,109.0
2025-08-09T18:00:00+02:00,29.7,65,0.0,1,10.2,556.0,455.0,101.0
2025-08-09T19:00:00+02:00,28.8,67,0.0,0,8.5,369.0,281.0,88.0
2025-08-09T20:00:00+02:00,27.8,69,0.0,0,6.9,188.0,126.0,62.0
2025-08-09T21:00:00+02:00,26.4,75,0.0,0,5.7,40.0,21.0,19.0
2025-08-09T22:00:00+02:00,25.9,80,0.0,0,5.4,0.0,0.0,0.0
2025-08-09T23:00:00+02:00,25.7,84,0.0,7,4.9,0.0,0.0,0.0
2025-08-10T00:00:00+02:00,25.0,86,0.0,4,4.3,0.0,0.0,0.0
2025-08-10T01:00:00+02:00,24.9,87,0.0,6,3.5,0.0,0.0,0.0
2025-08-10T02:00:00+02:00,25.3,84,0.0,14,3.3,0.0,0.0,0.0
2025-08-10T03:00:00+02:00,25.1,86,0.0,13,3.1,0.0,0.0,0.0
2025-08-10T04:00:00+02:00,24.8,87,0.0,24,2.3,0.0,0.0,0.0
2025-08-10T05:00:00+02:00,24.5,88,0.0,25,2.8,0.0,0.0,0.0
2025-08-10T06:00:00+02:00,24.2,89,0.0,2,4.4,0.0,0.0,0.0
2025-08-10T07:00:00+02:00,24.2,89,0.0,0,4.9,0.0,0.0,0.0
2025-08-10T08:00:00+02:00,25.5,86,0.0,0,3.6,51.0,28.0,23.0
2025-08-10T09:00:00+02:00,27.5,75,0.0,0,1.8,205.0,142.0,63.0
2025-08-10T10:00:00+02:00,29.3,71,0.0,0,1.5,388.0,303.0,85.0
2025-08-10T11:00:00+02:00,30.8,67,0.0,0,4.5,562.0,462.0,100.0
2025-08-10T12:00:00+02:00,31.7,63,0.0,0,4.9,709.0,600.0,109.0
2025-08-10T13:00:00+02:00,32.4,61,0.0,0,7.6,814.0,700.0,114.0
2025-08-10T14:00:00+02:00,32.8,61,0.0,0,10.3,869.0,753.0,116.0
2025-08-10T15:00:00+02:00,33.0,60,0.0,10,12.3,864.0,745.0,119.0
2025-08-10T16:00:00+02:00,32.7,60,0.0,11,13.1,754.0,601.0,153.0
2025-08-10T17:00:00+02:00,32.5,61,0.0,14,13.7,659.0,532.0,127.0
2025-08-10T18:00:00+02:00,32.1,61,0.1,19,12.0,542.0,449.0,93.0
2025-08-10T19:00:00+02:00,31.7,62,0.0,15,11.7,311.0,200.0,111.0
2025-08-10T20:00:00+02:00,31.1,62,0.0,3,11.1,187.0,128.0,59.0
2025-08-10T21:00:00+02:00,29.3,71,0.0,6,8.6,38.0,20.0,18.0
2025-08-10T22:00:00+02:00,28.5,72,0.0,19,7.0,0.0,0.0,0.0
2025-08-10T23:00:00+02:00,27.7,74,0.0,5,6.5,0.0,0.0,0.0
2025-08-11T00:00:00+02:00,27.1,79,0.0,4,5.9,0.0,0.0,0.0
2025-08-11T01:00:00+02:00,26.9,79,0.0,2,5.9,0.0,0.0,0.0
2025-08-11T02:00:00+02:00,26.8,79,0.0,4,5.7,0.0,0.0,0.0
2025-08-11T03:00:00+02:00,26.5,81,0.0,2,6.2,0.0,0.0,0.0
2025-08-11T04:00:00+02:00,26.3,81,0.0,1,6.7,0.0,0.0,0.0
2025-08-11T05:00:00+02:00,26.1,81,0.0,1,6.9,0.0,0.0,0.0
2025-08-11T06:00:00+02:00,26.1,80,0.0,1,7.2,0.0,0.0,0.0
2025-08-11T07:00:00+02:00,25.7,81,0.0,0,6.9,0.0,0.0,0.0
2025-08-11T08:00:00+02:00,26.8,75,0.0,0,7.8,51.0,28.0,23.0
2025-08-11T09:00:00+02:00,29.1,65,0.0,1,5.8,207.0,145.0,62.0
2025-08-11T10:00:00+02:00,31.0,58,0.0,0,4.1,391.0,308.0,83.0
2025-08-11T11:00:00+02:00,32.0,56,0.0,0,4.8,566.0,468.0,98.0
2025-08-11T12:00:00+02:00,32.9,55,0.0,9,7.3,712.0,604.0,108.0
2025-08-11T13:00:00+02:00,33.3,54,0.0,1,9.2,816.0,702.0,114.0
2025-08-11T14:00:00+02:00,33.5,54,0.0,0,10.7,824.0,688.0,136.0
2025-08-11T15:00:00+02:00,33.7,53,0.0,0,12.1,832.0,691.0,141.0
2025-08-11T16:00:00+02:00,33.6,53,0.0,10,12.1,777.0,649.0,128.0
2025-08-11T17:00:00+02:00,33.5,53,0.1,54,10.9,596.0,466.0,130.0
2025-08-11T18:00:00+02:00,32.8,56,0.0,38,10.3,392.0,272.0,120.0
2025-08-11T19:00:00+02:00,32.1,57,0.0,24,8.3,286.0,180.0,106.0
2025-08-11T20:00:00+02:00,30.9,60,0.0,19,6.1,144.0,81.0,63.0
2025-08-11T21:00:00+02:00,29.1,71,0.0,17,4.0,35.0,17.0,18.0
2025-08-11T22:00:00+02:00,28.5,73,0.0,9,4.8,0.0,0.0,0.0
2025-08-11T23:00:00+02:00,27.7,77,0.0,2,4.4,0.0,0.0,0.0
2025-08-12T00:00:00+02:00,26.5,81,0.0,1,4.9,0.0,0.0,0.0
2025-08-12T01:00:00+02:00,26.3,85,0.0,1,3.4,0.0,0.0,0.0
2025-08-12T02:00:00+02:00,25.9,87,0.0,1,3.3,0.0,0.0,0.0
2025-08-12T03:00:00+02:00,25.9,88,0.0,1,4.2,0.0,0.0,0.0
2025-08-12T04:00:00+02:00,25.7,88,0.0,0,3.2,0.0,0.0,0.0
2025-08-12T05:00:00+02:00,25.6,87,0.0,1,2.8,0.0,0.0,0.0
2025-08-12T06:00:00+02:00,25.6,86,0.0,0,4.3,0.0,0.0,0.0
2025-08-12T07:00:00+02:00,25.6,86,0.0,0,5.3,0.0,0.0,0.0
2025-08-12T08:00:00+02:00,26.3,83,0.0,0,5.5,48.0,26.0,22.0
2025-08-12T09:00:00+02:00,28.1,74,0.0,0,4.1,204.0,143.0,61.0
2025-08-12T10:00:00+02:00,29.8,67,0.0,0,4.2,388.0,304.0,84.0
2025-08-12T11:00:00+02:00,31.2,62,0.0,0,6.0,556.0,459.0,97.0
2025-08-12T12:00:00+02:00,32.0,58,0.0,0,5.8,711.0,603.0,108.0
2025-08-12T13:00:00+02:00,32.7,55,0.0,0,8.8,817.0,705.0,112.0
2025-08-12T14:00:00+02:00,33.1,54,0.0,0,11.8,870.0,756.0,114.0
2025-08-12T15:00:00+02:00,33.2,53,0.0,2,13.4,854.0,721.0,133.0
2025-08-12T16:00:00+02:00,33.1,54,0.0,19,11.3,801.0,686.0,115.0
2025-08-12T17:00:00+02:00,32.8,55,0.0,51,8.8,684.0,564.0,120.0
2025-08-12T18:00:00+02:00,31.8,58,0.0,69,8.8,474.0,334.0,140.0
2025-08-12T19:00:00+02:00,30.7,60,0.0,78,7.8,300.0,188.0,112.0
2025-08-12T20:00:00+02:00,29.5,62,0.0,75,8.9,138.0,64.0,74.0
2025-08-12T21:00:00+02:00,28.0,70,0.0,80,7.2,31.0,11.0,20.0
2025-08-12T22:00:00+02:00,27.0,75,0.0,78,5.2,0.0,0.0,0.0
2025-08-12T23:00:00+02:00,27.1,74,0.0,18,3.8,0.0,0.0,0.0
2025-08-13T00:00:00+02:00,25.9,82,0.0,0,1.1,0.0,0.0,0.0
2025-08-13T01:00:00+02:00,26.7,79,0.0,0,2.5,0.0,0.0,0.0
2025-08-13T02:00:00+02:00,26.7,80,0.0,1,3.2,0.0,0.0,0.0
2025-08-13T03:00:00+02:00,26.4,81,0.0,0,4.4,0.0,0.0,0.0
2025-08-13T04:00:00+02:00,26.0,83,0.0,1,5.7,0.0,0.0,0.0
2025-08-13T05:00:00+02:00,25.8,83,0.0,1,6.4,0.0,0.0,0.0
2025-08-13T06:00:00+02:00,25.5,83,0.0,0,5.2,0.0,0.0,0.0
2025-08-13T07:00:00+02:00,25.4,82,0.0,2,4.3,0.0,0.0,0.0
2025-08-13T08:00:00+02:00,25.3,82,0.0,8,4.8,48.0,26.0,22.0
2025-08-13T09:00:00+02:00,27.2,69,0.0,7,2.7,196.0,134.0,62.0
2025-08-13T10:00:00+02:00,28.9,66,0.0,2,3.7,383.0,301.0,82.0
2025-08-13T11:00:00+02:00,30.5,59,0.0,8,6.8,561.0,456.0,105.0
2025-08-13T12:00:00+02:00,31.3,62,0.0,2,8.7,708.0,599.0,109.0
2025-08-13T13:00:00+02:00,31.8,61,0.0,2,9.5,812.0,692.0,120.0
2025-08-13T14:00:00+02:00,32.3,60,0.0,3,10.8,861.0,726.0,135.0
2025-08-13T15:00:00+02:00,32.3,60,0.0,3,11.0,806.0,613.0,193.0
2025-08-13T16:00:00+02:00,31.7,64,0.3,5,12.1,537.0,360.0,177.0
2025-08-13T17:00:00+02:00,31.4,63,0.0,21,14.5,523.0,311.0,212.0
2025-08-13T18:00:00+02:00,30.8,64,0.0,58,15.6,346.0,132.0,214.0
2025-08-13T19:00:00+02:00,30.2,65,0.0,77,13.0,272.0,105.0,167.0
2025-08-13T20:00:00+02:00,29.6,66,0.0,78,10.5,122.0,27.0,95.0
2025-08-13T21:00:00+02:00,28.7,72,0.0,82,6.4,27.0,7.0,20.0
2025-08-13T22:00:00+02:00,28.1,76,0.0,88,5.9,0.0,0.0,0.0
2025-08-13T23:00:00+02:00,27.4,80,0.0,80,5.1,0.0,0.0,0.0
2025-08-14T00:00:00+02:00,26.8,74,0.0,76,4.3,0.0,0.0,0.0
2025-08-14T01:00:00+02:00,27.0,73,0.0,55,2.9,0.0,0.0,0.0
2025-08-14T02:00:00+02:00,26.4,75,0.0,44,3.9,0.0,0.0,0.0
2025-08-14T03:00:00+02:00,25.8,78,0.0,29,5.2,0.0,0.0,0.0
2025-08-14T04:00:00+02:00,24.8,82,0.0,28,5.5,0.0,0.0,0.0
2025-08-14T05:00:00+02:00,24.6,83,0.0,29,2.5,0.0,0.0,0.0
2025-08-14T06:00:00+02:00,24.2,83,0.0,10,2.6,0.0,0.0,0.0
2025-08-14T07:00:00+02:00,24.0,82,0.0,14,4.6,0.0,0.0,0.0
2025-08-14T08:00:00+02:00,25.4,76,0.0,9,5.9,45.0,24.0,21.0
2025-08-14T09:00:00+02:00,27.5,65,0.1,17,5.6,193.0,127.0,66.0
2025-08-14T10:00:00+02:00,29.5,59,0.0,20,5.2,367.0,286.0,81.0
2025-08-14T11:00:00+02:00,31.3,52,0.0,20,6.4,496.0,370.0,126.0
2025-08-14T12:00:00+02:00,32.3,49,0.0,16,7.8,675.0,556.0,119.0
2025-08-14T13:00:00+02:00,33.3,46,0.0,8,9.6,806.0,675.0,131.0
2025-08-14T14:00:00+02:00,33.8,44,0.0,21,11.5,837.0,693.0,144.0
2025-08-14T15:00:00+02:00,33.7,44,0.0,12,13.1,834.0,698.0,136.0
2025-08-14T16:00:00+02:00,33.8,43,0.0,44,12.7,772.0,649.0,123.0
2025-08-14T17:00:00+02:00,33.5,44,0.0,51,12.7,636.0,506.0,130.0
2025-08-14T18:00:00+02:00,32.1,48,0.0,36,13.0,387.0,264.0,123.0
2025-08-14T19:00:00+02:00,31.2,52,0.0,53,12.2,221.0,123.0,98.0
2025-08-14T20:00:00+02:00,30.2,55,0.0,52,8.8,139.0,70.0,69.0
2025-08-14T21:00:00+02:00,28.1,65,0.0,49,6.1,24.0,7.0,17.0
2025-08-14T22:00:00+02:00,27.3,70,0.0,15,7.0,0.0,0.0,0.0
2025-08-14T23:00:00+02:00,27.0,71,0.0,5,6.8,0.0,0.0,0.0
2025-08-15T00:00:00+02:00,26.0,74,0.0,0,6.2,0.0,0.0,0.0
2025-08-15T01:00:00+02:00,25.5,76,0.0,0,5.9,0.0,0.0,0.0
2025-08-15T02:00:00+02:00,25.1,78,0.0,0,6.7,0.0,0.0,0.0
2025-08-15T03:00:00+02:00,24.8,76,0.0,0,7.4,0.0,0.0,0.0
2025-08-15T04:00:00+02:00,24.8,74,0.0,0,8.0,0.0,0.0,0.0
2025-08-15T05:00:00+02:00,24.7,71,0.0,0,9.1,0.0,0.0,0.0
2025-08-15T06:00:00+02:00,24.6,69,0.0,0,8.7,0.0,0.0,0.0
2025-08-15T07:00:00+02:00,24.5,69,0.0,0,7.1,0.0,0.0,0.0
2025-08-15T08:00:00+02:00,25.2,65,0.0,0,7.2,45.0,25.0,20.0
2025-08-15T09:00:00+02:00,26.9,60,0.0,0,5.1,199.0,139.0,60.0
2025-08-15T10:00:00+02:00,29.6,55,0.0,0,3.6,384.0,302.0,82.0
2025-08-15T11:00:00+02:00,31.5,49,0.0,0,3.8,562.0,465.0,97.0
2025-08-15T12:00:00+02:00,31.9,52,0.0,0,5.9,711.0,605.0,106.0
2025-08-15T13:00:00+02:00,32.6,51,0.0,0,7.0,817.0,705.0,112.0
2025-08-15T14:00:00+02:00,32.9,51,0.0,3,8.7,848.0,729.0,119.0
2025-08-15T15:00:00+02:00,32.8,52,0.0,22,9.8,725.0,583.0,142.0
2025-08-15T16:00:00+02:00,32.7,52,0.0,25,11.5,652.0,542.0,110.0
2025-08-15T17:00:00+02:00,32.6,52,0.0,24,12.1,605.0,449.0,156.0
2025-08-15T18:00:00+02:00,32.2,53,0.0,27,12.0,444.0,344.0,100.0
2025-08-15T19:00:00+02:00,31.6,55,0.0,26,10.4,294.0,219.0,75.0
2025-08-15T20:00:00+02:00,30.4,58,0.0,8,7.2,166.0,109.0,57.0
2025-08-15T21:00:00+02:00,29.0,68,0.0,0,4.4,26.0,12.0,14.0
2025-08-15T22:00:00+02:00,28.6,69,0.0,1,4.7,0.0,0.0,0.0
2025-08-15T23:00:00+02:00,27.7,74,0.0,0,5.9,0.0,0.0,0.0
2025-08-16T00:00:00+02:00,27.1,81,0.0,0,8.5,0.0,0.0,0.0
2025-08-16T01:00:00+02:00,27.0,81,0.0,0,8.6,0.0,0.0,0.0
2025-08-16T02:00:00+02:00,26.8,81,0.0,0,8.6,0.0,0.0,0.0
2025-08-16T03:00:00+02:00,26.5,79,0.0,0,8.9,0.0,0.0,0.0
2025-08-16T04:00:00+02:00,26.0,78,0.0,0,8.8,0.0,0.0,0.0
2025-08-16T05:00:00+02:00,25.7,76,0.0,0,8.4,0.0,0.0,0.0
2025-08-16T06:00:00+02:00,25.5,75,0.0,0,8.6,0.0,0.0,0.0
2025-08-16T07:00:00+02:00,25.1,76,0.0,0,9.1,0.0,0.0,0.0
2025-08-16T08:00:00+02:00,25.9,69,0.0,0,11.1,43.0,24.0,19.0
2025-08-16T09:00:00+02:00,28.0,61,0.0,0,9.4,201.0,143.0,58.0
2025-08-16T10:00:00+02:00,30.7,54,0.0,0,6.3,391.0,312.0,79.0
2025-08-16T11:00:00+02:00,33.1,47,0.0,0,4.5,573.0,479.0,94.0
2025-08-16T12:00:00+02:00,34.4,41,0.0,0,5.3,724.0,621.0,103.0
2025-08-16T13:00:00+02:00,34.6,41,0.0,0,7.4,828.0,720.0,108.0
2025-08-16T14:00:00+02:00,34.8,40,0.0,0,9.9,879.0,767.0,112.0
2025-08-16T15:00:00+02:00,34.9,39,0.0,3,12.1,866.0,739.0,127.0
2025-08-16T16:00:00+02:00,34.5,42,0.0,8,13.0,787.0,656.0,131.0
2025-08-16T17:00:00+02:00,34.0,44,0.0,52,12.2,680.0,566.0,114.0
2025-08-16T18:00:00+02:00,33.1,47,0.0,60,11.6,470.0,356.0,114.0
2025-08-16T19:00:00+02:00,32.4,50,0.0,59,8.6,331.0,236.0,95.0
2025-08-16T20:00:00+02:00,31.3,54,0.0,21,6.2,152.0,93.0,59.0
2025-08-16T21:00:00+02:00,29.4,63,0.0,7,5.3,27.0,13.0,14.0
2025-08-16T22:00:00+02:00,28.6,66,0.0,6,6.3,0.0,0.0,0.0
2025-08-16T23:00:00+02:00,27.6,69,0.0,3,6.8,0.0,0.0,0.0
2025-08-17T00:00:00+02:00,26.8,76,0.0,2,6.8,0.0,0.0,0.0
2025-08-17T01:00:00+02:00,26.8,77,0.0,2,6.9,0.0,0.0,0.0
2025-08-17T02:00:00+02:00,26.4,79,0.0,1,7.5,0.0,0.0,0.0
2025-08-17T03:00:00+02:00,26.2,80,0.0,0,8.4,0.0,0.0,0.0
2025-08-17T04:00:00+02:00,26.0,80,0.0,0,9.1,0.0,0.0,0.0
2025-08-17T05:00:00+02:00,25.7,79,0.0,0,9.3,0.0,0.0,0.0
2025-08-17T06:00:00+02:00,25.7,77,0.0,0,8.8,0.0,0.0,0.0
2025-08-17T07:00:00+02:00,25.6,74,0.0,0,8.0,0.0,0.0,0.0
2025-08-17T08:00:00+02:00,26.2,68,0.0,0,8.2,42.0,23.0,19.0
2025-08-17T09:00:00+02:00,27.6,63,0.0,0,5.2,200.0,141.0,59.0
2025-08-17T10:00:00+02:00,30.0,56,0.0,0,1.6,389.0,309.0,80.0
2025-08-17T11:00:00+02:00,31.5,54,0.0,0,2.5,570.0,476.0,94.0
2025-08-17T12:00:00+02:00,32.8,48,0.0,0,1.8,721.0,618.0,103.0
2025-08-17T13:00:00+02:00,33.5,48,0.0,0,5.0,827.0,718.0,109.0
2025-08-17T14:00:00+02:00,33.0,51,0.0,4,12.2,879.0,769.0,110.0
2025-08-17T15:00:00+02:00,32.6,53,0.0,8,15.4,849.0,735.0,114.0
2025-08-17T16:00:00+02:00,32.0,54,0.0,6,14.0,773.0,643.0,130.0
2025-08-17T17:00:00+02:00,31.2,57,0.0,25,12.1,568.0,404.0,164.0
2025-08-17T18:00:00+02:00,30.8,61,0.0,62,10.8,472.0,338.0,134.0
2025-08-17T19:00:00+02:00,30.1,63,0.0,44,9.5,349.0,267.0,82.0
2025-08-17T20:00:00+02:00,29.0,68,0.0,23,9.9,168.0,115.0,53.0
2025-08-17T21:00:00+02:00,27.9,76,0.0,14,8.9,24.0,11.0,13.0
2025-08-17T22:00:00+02:00,27.0,82,0.0,1,6.1,0.0,0.0,0.0
2025-08-17T23:00:00+02:00,26.6,85,0.0,0,4.8,0.0,0.0,0.0
2025-08-18T00:00:00+02:00,26.0,84,0.0,17,5.4,0.0,0.0,0.0
2025-08-18T01:00:00+02:00,25.4,87,0.0,18,5.2,0.0,0.0,0.0
2025-08-18T02:00:00+02:00,25.6,87,0.0,16,5.2,0.0,0.0,0.0
2025-08-18T03:00:00+02:00,25.5,87,0.0,14,6.0,0.0,0.0,0.0
2025-08-18T04:00:00+02:00,24.9,87,0.0,9,6.0,0.0,0.0,0.0
2025-08-18T05:00:00+02:00,24.7,85,0.0,3,7.1,0.0,0.0,0.0
2025-08-18T06:00:00+02:00,24.7,82,0.0,2,7.4,0.0,0.0,0.0
2025-08-18T07:00:00+02:00,24.9,80,0.0,15,5.6,0.0,0.0,0.0
2025-08-18T08:00:00+02:00,25.7,75,0.0,22,3.2,39.0,20.0,19.0
2025-08-18T09:00:00+02:00,27.3,65,0.0,4,5.1,186.0,125.0,61.0
2025-08-18T10:00:00+02:00,29.2,53,0.0,1,7.6,363.0,273.0,90.0
2025-08-18T11:00:00+02:00,30.9,46,0.0,0,7.6,547.0,444.0,103.0
2025-08-18T12:00:00+02:00,31.1,47,0.0,49,9.6,697.0,589.0,108.0
2025-08-18T13:00:00+02:00,31.6,48,0.0,39,10.6,813.0,704.0,109.0
2025-08-18T14:00:00+02:00,31.7,48,0.0,46,10.9,860.0,742.0,118.0
2025-08-18T15:00:00+02:00,31.7,49,0.0,57,12.7,861.0,752.0,109.0
2025-08-18T16:00:00+02:00,31.2,51,0.0,74,12.5,761.0,608.0,153.0
2025-08-18T17:00:00+02:00,30.3,55,0.0,76,14.3,666.0,536.0,130.0
2025-08-18T18:00:00+02:00,29.3,55,0.0,86,12.3,490.0,355.0,135.0
2025-08-18T19:00:00+02:00,28.8,58,0.0,98,9.7,303.0,191.0,112.0
2025-08-18T20:00:00+02:00,28.3,59,0.0,100,9.8,122.0,35.0,87.0
2025-08-18T21:00:00+02:00,27.8,62,0.0,100,5.4,11.0,0.0,11.0
2025-08-18T22:00:00+02:00,27.5,63,0.0,100,4.1,0.0,0.0,0.0
2025-08-18T23:00:00+02:00,26.6,67,0.0,100,5.8,0.0,0.0,0.0
2025-08-19T00:00:00+02:00,26.5,74,0.0,99,0.9,0.0,0.0,0.0
2025-08-19T01:00:00+02:00,26.2,77,0.0,99,0.6,0.0,0.0,0.0
2025-08-19T02:00:00+02:00,25.9,77,0.0,81,2.9,0.0,0.0,0.0
2025-08-19T03:00:00+02:00,25.7,80,0.0,99,2.5,0.0,0.0,0.0
2025-08-19T04:00:00+02:00,25.5,81,0.0,100,3.8,0.0,0.0,0.0
2025-08-19T05:00:00+02:00,25.5,82,0.0,100,4.3,0.0,0.0,0.0
2025-08-19T06:00:00+02:00,25.8,78,0.0,100,5.8,0.0,0.0,0.0
2025-08-19T07:00:00+02:00,24.9,83,0.0,100,4.2,0.0,0.0,0.0
2025-08-19T08:00:00+02:00,25.6,79,0.0,100,2.3,33.0,9.0,24.0
2025-08-19T09:00:00+02:00,26.6,72,0.1,99,3.8,108.0,12.0,96.0
2025-08-19T10:00:00+02:00,27.2,63,0.0,99,4.5,179.0,13.0,166.0
2025-08-19T11:00:00+02:00,27.7,58,0.0,79,5.4,372.0,136.0,236.0
2025-08-19T12:00:00+02:00,28.3,59,0.0,99,5.7,535.0,319.0,216.0
2025-08-19T13:00:00+02:00,29.1,57,0.0,99,7.1,607.0,324.0,283.0
2025-08-19T14:00:00+02:00,29.7,54,0.1,99,12.7,660.0,320.0,340.0
2025-08-19T15:00:00+02:00,29.3,61,0.1,90,8.9,496.0,112.0,384.0
2025-08-19T16:00:00+02:00,29.6,60,0.0,61,5.1,574.0,316.0,258.0
2025-08-19T17:00:00+02:00,29.8,60,0.0,42,10.0,531.0,334.0,197.0
2025-08-19T18:00:00+02:00,29.2,66,0.0,66,14.2,462.0,320.0,142.0
2025-08-19T19:00:00+02:00,27.8,74,0.1,53,13.2,272.0,157.0,115.0
2025-08-19T20:00:00+02:00,26.6,79,0.0,61,11.5,85.0,26.0,59.0
2025-08-19T21:00:00+02:00,26.4,79,0.0,95,8.6,10.0,2.0,8.0
2025-08-19T22:00:00+02:00,26.5,78,0.0,55,9.8,0.0,0.0,0.0
2025-08-19T23:00:00+02:00,25.9,78,0.0,36,9.4,0.0,0.0,0.0
2025-08-20T00:00:00+02:00,25.0,79,0.0,87,15.7,0.0,0.0,0.0
2025-08-20T01:00:00+02:00,25.1,78,0.0,92,15.3,0.0,0.0,0.0
2025-08-20T02:00:00+02:00,24.5,80,0.0,93,14.8,0.0,0.0,0.0
2025-08-20T03:00:00+02:00,24.2,80,0.0,95,14.6,0.0,0.0,0.0
2025-08-20T04:00:00+02:00,24.4,78,0.0,96,14.1,0.0,0.0,0.0
2025-08-20T05:00:00+02:00,24.2,79,0.6,99,12.6,0.0,0.0,0.0
2025-08-20T06:00:00+02:00,23.5,79,0.3,94,11.2,0.0,0.0,0.0
2025-08-20T07:00:00+02:00,23.0,79,0.1,98,8.6,0.0,0.0,0.0
2025-08-20T08:00:00+02:00,22.9,77,0.0,97,8.1,20.0,2.0,18.0
2025-08-20T09:00:00+02:00,23.4,73,0.6,100,7.3,102.0,35.0,67.0
2025-08-20T10:00:00+02:00,24.3,70,1.5,100,6.0,228.0,126.0,102.0
2025-08-20T11:00:00+02:00,25.0,68,1.9,96,3.9,319.0,176.0,143.0
2025-08-20T12:00:00+02:00,24.4,78,1.1,66,3.1,314.0,143.0,171.0
2025-08-20T13:00:00+02:00,24.8,74,1.2,45,6.2,560.0,311.0,249.0
2025-08-20T14:00:00+02:00,24.4,74,0.6,54,9.0,606.0,355.0,251.0
2025-08-20T15:00:00+02:00,24.9,73,0.2,60,10.7,562.0,318.0,244.0
2025-08-20T16:00:00+02:00,25.3,73,0.1,38,12.6,605.0,417.0,188.0
2025-08-20T17:00:00+02:00,24.8,76,0.3,28,11.4,489.0,334.0,155.0
2025-08-20T18:00:00+02:00,24.5,77,0.0,56,10.8,394.0,252.0,142.0
2025-08-20T19:00:00+02:00,24.1,79,0.0,55,7.3,266.0,169.0,97.0
2025-08-20T20:00:00+02:00,23.7,80,0.0,56,5.8,126.0,73.0,53.0
2025-08-20T21:00:00+02:00,22.8,83,0.1,58,5.4,14.0,5.0,9.0
2025-08-20T22:00:00+02:00,22.4,83,0.3,45,5.6,0.0,0.0,0.0
2025-08-20T23:00:00+02:00,22.7,78,0.3,53,3.9,0.0,0.0,0.0
2025-08-21T00:00:00+02:00,21.8,84,0.4,39,7.2,0.0,0.0,0.0
2025-08-21T01:00:00+02:00,21.4,84,0.4,27,11.2,0.0,0.0,0.0
2025-08-21T02:00:00+02:00,21.1,83,0.3,45,9.9,0.0,0.0,0.0
2025-08-21T03:00:00+02:00,20.5,83,0.1,32,7.3,0.0,0.0,0.0
2025-08-21T04:00:00+02:00,20.5,83,0.0,40,6.0,0.0,0.0,0.0
2025-08-21T05:00:00+02:00,20.6,82,0.1,37,5.2,0.0,0.0,0.0
2025-08-21T06:00:00+02:00,20.8,83,0.1,54,3.4,0.0,0.0,0.0
2025-08-21T07:00:00+02:00,21.0,82,0.1,95,0.0,0.0,0.0,0.0
2025-08-21T08:00:00+02:00,20.9,84,0.1,87,2.7,27.0,12.0,15.0
2025-08-21T09:00:00+02:00,21.7,81,0.1,47,5.4,129.0,65.0,64.0
2025-08-21T10:00:00+02:00,22.6,77,0.1,39,6.6,291.0,193.0,98.0
2025-08-21T11:00:00+02:00,23.3,74,0.0,30,6.7,469.0,335.0,134.0
2025-08-21T12:00:00+02:00,24.7,63,0.0,48,4.6,591.0,404.0,187.0
2025-08-21T13:00:00+02:00,25.6,59,0.0,69,3.9,661.0,474.0,187.0
2025-08-21T14:00:00+02:00,26.7,55,0.0,21,1.6,816.0,688.0,128.0
2025-08-21T15:00:00+02:00,27.1,54,0.0,28,2.6,619.0,457.0,162.0
2025-08-21T16:00:00+02:00,27.4,53,0.0,44,5.7,634.0,494.0,140.0
2025-08-21T17:00:00+02:00,26.9,56,0.0,58,8.9,462.0,296.0,166.0
2025-08-21T18:00:00+02:00,26.3,61,0.1,60,10.6,297.0,164.0,133.0
2025-08-21T19:00:00+02:00,25.4,69,0.0,52,12.7,226.0,150.0,76.0
2025-08-21T20:00:00+02:00,24.3,75,0.0,45,12.9,105.0,56.0,49.0
2025-08-21T21:00:00+02:00,23.8,79,0.0,38,12.1,12.0,4.0,8.0
2025-08-21T22:00:00+02:00,23.5,80,0.0,27,11.7,0.0,0.0,0.0
2025-08-21T23:00:00+02:00,23.4,80,0.0,31,11.7,0.0,0.0,0.0
2025-08-22T00:00:00+02:00,23.9,76,0.0,22,11.5,0.0,0.0,0.0
2025-08-22T01:00:00+02:00,23.9,73,0.0,21,10.7,0.0,0.0,0.0
2025-08-22T02:00:00+02:00,23.7,74,0.0,20,9.2,0.0,0.0,0.0
2025-08-22T03:00:00+02:00,23.4,73,0.0,35,6.8,0.0,0.0,0.0
2025-08-22T04:00:00+02:00,22.9,74,0.1,49,3.6,0.0,0.0,0.0
2025-08-22T05:00:00+02:00,22.3,79,0.2,37,2.3,0.0,0.0,0.0
2025-08-22T06:00:00+02:00,22.1,80,0.4,32,2.5,0.0,0.0,0.0
2025-08-22T07:00:00+02:00,21.9,81,0.3,46,2.2,0.0,0.0,0.0
2025-08-22T08:00:00+02:00,21.9,81,0.4,51,3.6,19.0,7.0,12.0
2025-08-22T09:00:00+02:00,22.7,82,0.4,54,4.3,108.0,52.0,56.0
2025-08-22T10:00:00+02:00,23.5,83,0.4,74,5.3,245.0,138.0,107.0
2025-08-22T11:00:00+02:00,24.4,79,0.8,60,4.9,385.0,239.0,146.0
2025-08-22T12:00:00+02:00,25.3,74,0.8,49,7.2,420.0,275.0,145.0
2025-08-22T13:00:00+02:00,25.8,72,0.7,38,8.4,635.0,435.0,200.0
2025-08-22T14:00:00+02:00,25.0,76,1.7,69,8.3,666.0,478.0,188.0
2025-08-22T15:00:00+02:00,25.4,77,0.5,63,9.3,703.0,525.0,178.0
2025-08-22T16:00:00+02:00,24.7,79,0.3,49,9.7,461.0,258.0,203.0
2025-08-22T17:00:00+02:00,24.8,79,0.1,60,10.2,461.0,290.0,171.0
2025-08-22T18:00:00+02:00,24.7,77,0.0,65,11.4,383.0,259.0,124.0
2025-08-22T19:00:00+02:00,24.5,78,0.0,56,10.8,220.0,138.0,82.0
2025-08-22T20:00:00+02:00,24.3,78,0.0,59,9.7,98.0,48.0,50.0
2025-08-22T21:00:00+02:00,23.4,84,0.0,54,6.9,13.0,5.0,8.0
2025-08-22T22:00:00+02:00,23.2,84,0.0,70,4.8,0.0,0.0,0.0
2025-08-22T23:00:00+02:00,23.4,81,0.0,40,3.8,0.0,0.0,0.0
2025-08-23T00:00:00+02:00,24.1,76,0.1,53,0.4,0.0,0.0,0.0
2025-08-23T01:00:00+02:00,23.6,79,0.1,21,1.1,0.0,0.0,0.0
2025-08-23T02:00:00+02:00,23.1,81,0.0,15,0.9,0.0,0.0,0.0
2025-08-23T03:00:00+02:00,23.2,81,0.0,14,1.3,0.0,0.0,0.0
2025-08-23T04:00:00+02:00,22.6,82,0.0,6,2.7,0.0,0.0,0.0
2025-08-23T05:00:00+02:00,22.0,85,0.0,8,3.0,0.0,0.0,0.0
2025-08-23T06:00:00+02:00,21.2,90,0.0,21,3.9,0.0,0.0,0.0
2025-08-23T07:00:00+02:00,21.1,92,0.0,76,5.2,0.0,0.0,0.0
2025-08-23T08:00:00+02:00,21.4,93,0.1,76,5.0,24.0,9.0,15.0
2025-08-23T09:00:00+02:00,22.8,90,0.0,16,4.2,120.0,47.0,73.0
2025-08-23T10:00:00+02:00,24.4,77,0.0,7,3.4,287.0,161.0,126.0
2025-08-23T11:00:00+02:00,25.7,70,0.0,7,4.2,418.0,284.0,134.0
2025-08-23T12:00:00+02:00,26.9,66,0.0,31,7.3,497.0,323.0,174.0
2025-08-23T13:00:00+02:00,27.8,63,0.0,36,10.0,672.0,502.0,170.0
2025-08-23T14:00:00+02:00,28.4,61,0.0,36,11.7,723.0,545.0,178.0
2025-08-23T15:00:00+02:00,29.0,59,0.0,40,12.7,810.0,697.0,113.0
2025-08-23T16:00:00+02:00,29.0,59,0.0,19,14.0,690.0,577.0,113.0
2025-08-23T17:00:00+02:00,28.9,61,0.0,9,15.9,644.0,534.0,110.0
2025-08-23T18:00:00+02:00,28.4,64,0.0,7,17.1,488.0,396.0,92.0
2025-08-23T19:00:00+02:00,27.5,68,0.0,6,17.6,307.0,235.0,72.0
2025-08-23T20:00:00+02:00,26.5,72,0.0,1,15.1,140.0,89.0,51.0
2025-08-23T21:00:00+02:00,25.3,80,0.0,2,10.1,14.0,6.0,8.0
2025-08-23T22:00:00+02:00,24.3,84,0.0,1,7.2,0.0,0.0,0.0
2025-08-23T23:00:00+02:00,23.8,87,0.0,1,6.6,0.0,0.0,0.0
2025-08-24T00:00:00+02:00,23.3,86,0.0,2,6.0,0.0,0.0,0.0
2025-08-24T01:00:00+02:00,22.8,86,0.0,23,5.8,0.0,0.0,0.0
2025-08-24T02:00:00+02:00,22.6,87,0.0,24,6.4,0.0,0.0,0.0
2025-08-24T03:00:00+02:00,22.4,89,0.0,20,6.9,0.0,0.0,0.0
2025-08-24T04:00:00+02:00,22.5,91,0.0,9,7.3,0.0,0.0,0.0
2025-08-24T05:00:00+02:00,21.9,93,0.0,12,6.6,0.0,0.0,0.0
2025-08-24T06:00:00+02:00,21.8,93,0.0,13,6.3,0.0,0.0,0.0
2025-08-24T07:00:00+02:00,21.4,93,0.0,19,6.2,0.0,0.0,0.0
2025-08-24T08:00:00+02:00,21.6,92,0.0,19,6.6,22.0,7.0,15.0
2025-08-24T09:00:00+02:00,23.4,84,0.0,15,6.2,123.0,62.0,61.0
2025-08-24T10:00:00+02:00,25.5,76,0.0,11,4.5,315.0,208.0,107.0
2025-08-24T11:00:00+02:00,26.8,72,0.0,9,1.3,490.0,359.0,131.0
2025-08-24T12:00:00+02:00,28.2,67,0.0,48,4.2,610.0,454.0,156.0
2025-08-24T13:00:00+02:00,28.7,66,0.0,55,8.5,710.0,556.0,154.0
2025-08-24T14:00:00+02:00,29.0,66,0.0,60,10.5,738.0,535.0,203.0
2025-08-24T15:00:00+02:00,29.3,66,0.0,77,11.7,729.0,536.0,193.0
2025-08-24T16:00:00+02:00,28.8,69,0.0,75,13.0,557.0,369.0,188.0
2025-08-24T17:00:00+02:00,28.2,71,0.0,47,12.2,500.0,320.0,180.0
2025-08-24T18:00:00+02:00,27.4,73,0.0,40,12.8,292.0,176.0,116.0
2025-08-24T19:00:00+02:00,27.2,72,0.0,52,11.0,215.0,99.0,116.0
2025-08-24T20:00:00+02:00,26.6,75,0.0,44,10.1,90.0,30.0,60.0
2025-08-24T21:00:00+02:00,25.7,81,0.0,34,7.5,9.0,3.0,6.0
2025-08-24T22:00:00+02:00,25.2,84,0.0,28,6.1,0.0,0.0,0.0
2025-08-24T23:00:00+02:00,25.0,85,0.0,20,5.3,0.0,0.0,0.0
2025-08-25T00:00:00+02:00,25.1,85,0.0,75,4.3,0.0,0.0,0.0
2025-08-25T01:00:00+02:00,24.3,88,0.0,64,3.8,0.0,0.0,0.0
2025-08-25T02:00:00+02:00,23.9,90,0.0,80,5.8,0.0,0.0,0.0
2025-08-25T03:00:00+02:00,23.8,90,0.0,99,6.4,0.0,0.0,0.0
2025-08-25T04:00:00+02:00,23.6,90,0.0,98,8.0,0.0,0.0,0.0
2025-08-25T05:00:00+02:00,23.4,91,0.0,99,8.0,0.0,0.0,0.0
2025-08-25T06:00:00+02:00,23.4,89,0.0,98,6.7,0.0,0.0,0.0
2025-08-25T07:00:00+02:00,23.2,86,0.0,97,6.3,0.0,0.0,0.0
2025-08-25T08:00:00+02:00,23.2,85,0.0,95,6.9,17.0,2.0,15.0
2025-08-25T09:00:00+02:00,24.1,81,0.0,98,6.4,99.0,18.0,81.0
2025-08-25T10:00:00+02:00,25.1,77,0.1,99,6.1,238.0,87.0,151.0
2025-08-25T11:00:00+02:00,26.1,72,0.0,100,4.1,339.0,94.0,245.0
2025-08-25T12:00:00+02:00,27.0,73,0.0,98,5.6,305.0,70.0,235.0
2025-08-25T13:00:00+02:00,27.5,70,0.0,100,11.7,468.0,159.0,309.0
2025-08-25T14:00:00+02:00,27.9,69,0.0,99,14.3,613.0,284.0,329.0
2025-08-25T15:00:00+02:00,27.6,69,0.0,100,12.2,490.0,154.0,336.0
2025-08-25T16:00:00+02:00,27.0,72,0.5,99,10.4,362.0,90.0,272.0
2025-08-25T17:00:00+02:00,26.4,74,0.0,99,8.9,232.0,40.0,192.0
2025-08-25T18:00:00+02:00,27.0,70,0.0,98,12.5,231.0,33.0,198.0
2025-08-25T19:00:00+02:00,26.6,77,0.1,94,14.3,147.0,28.0,119.0
2025-08-25T20:00:00+02:00,26.2,81,0.1,86,13.6,72.0,14.0,58.0
2025-08-25T21:00:00+02:00,25.4,86,0.0,62,8.6,7.0,1.0,6.0
2025-08-25T22:00:00+02:00,24.9,88,0.0,43,6.3,0.0,0.0,0.0
2025-08-25T23:00:00+02:00,24.6,88,0.0,31,6.5,0.0,0.0,0.0
2025-08-26T00:00:00+02:00,24.4,88,0.0,61,7.0,0.0,0.0,0.0
2025-08-26T01:00:00+02:00,24.2,88,0.0,53,6.2,0.0,0.0,0.0
2025-08-26T02:00:00+02:00,24.1,88,0.0,28,5.7,0.0,0.0,0.0
2025-08-26T03:00:00+02:00,23.5,87,0.0,9,5.1,0.0,0.0,0.0
2025-08-26T04:00:00+02:00,23.0,88,0.0,1,5.4,0.0,0.0,0.0
2025-08-26T05:00:00+02:00,22.8,88,0.0,3,5.3,0.0,0.0,0.0
2025-08-26T06:00:00+02:00,22.6,87,0.0,6,5.1,0.0,0.0,0.0
2025-08-26T07:00:00+02:00,22.7,87,0.0,11,5.2,0.0,0.0,0.0
2025-08-26T08:00:00+02:00,23.4,86,0.0,15,6.7,25.0,12.0,13.0
2025-08-26T09:00:00+02:00,25.4,77,0.0,27,6.4,156.0,105.0,51.0
2025-08-26T10:00:00+02:00,27.2,68,0.0,31,3.4,333.0,243.0,90.0
2025-08-26T11:00:00+02:00,28.5,62,0.0,21,5.1,481.0,374.0,107.0
2025-08-26T12:00:00+02:00,29.6,59,0.0,45,5.6,561.0,419.0,142.0
2025-08-26T13:00:00+02:00,29.9,63,0.0,53,10.3,655.0,467.0,188.0
2025-08-26T14:00:00+02:00,30.0,64,0.0,32,13.0,765.0,603.0,162.0
2025-08-26T15:00:00+02:00,29.8,67,0.0,36,15.0,820.0,704.0,116.0
2025-08-26T16:00:00+02:00,29.3,68,0.0,16,13.8,761.0,652.0,109.0
2025-08-26T17:00:00+02:00,28.7,68,0.0,4,11.9,654.0,554.0,100.0
2025-08-26T18:00:00+02:00,28.4,67,0.0,10,9.3,496.0,406.0,90.0
2025-08-26T19:00:00+02:00,27.8,68,0.0,9,9.8,312.0,238.0,74.0
2025-08-26T20:00:00+02:00,26.7,76,0.0,12,9.0,131.0,85.0,46.0
2025-08-26T21:00:00+02:00,25.2,88,0.0,12,6.1,10.0,3.0,7.0
2025-08-26T22:00:00+02:00,25.0,90,0.0,21,6.0,0.0,0.0,0.0
2025-08-26T23:00:00+02:00,25.1,88,0.0,16,6.9,0.0,0.0,0.0
2025-08-27T00:00:00+02:00,24.7,91,0.0,80,7.7,0.0,0.0,0.0
2025-08-27T01:00:00+02:00,24.5,91,0.0,96,9.3,0.0,0.0,0.0
2025-08-27T02:00:00+02:00,24.3,91,0.0,98,8.7,0.0,0.0,0.0
2025-08-27T03:00:00+02:00,24.3,90,0.0,88,8.7,0.0,0.0,0.0
2025-08-27T04:00:00+02:00,24.2,88,0.0,80,10.3,0.0,0.0,0.0
2025-08-27T05:00:00+02:00,23.9,86,0.0,44,11.1,0.0,0.0,0.0
2025-08-27T06:00:00+02:00,23.7,86,0.0,43,11.5,0.0,0.0,0.0
2025-08-27T07:00:00+02:00,23.6,85,0.0,26,12.7,0.0,0.0,0.0
2025-08-27T08:00:00+02:00,23.8,84,0.0,9,15.1,25.0,12.0,13.0
2025-08-27T09:00:00+02:00,24.6,80,0.0,7,15.8,148.0,89.0,59.0
2025-08-27T10:00:00+02:00,25.0,77,0.0,15,15.3,294.0,185.0,109.0
2025-08-27T11:00:00+02:00,25.6,72,0.1,30,16.2,442.0,295.0,147.0
2025-08-27T12:00:00+02:00,27.1,68,0.0,76,15.7,570.0,374.0,196.0
2025-08-27T13:00:00+02:00,27.9,66,0.0,57,18.9,586.0,394.0,192.0
2025-08-27T14:00:00+02:00,28.3,67,0.0,41,18.7,744.0,550.0,194.0
2025-08-27T15:00:00+02:00,28.6,69,0.0,17,16.5,772.0,631.0,141.0
2025-08-27T16:00:00+02:00,29.3,68,0.0,19,16.1,702.0,566.0,136.0
2025-08-27T17:00:00+02:00,29.9,65,0.0,21,16.6,584.0,433.0,151.0
2025-08-27T18:00:00+02:00,29.5,65,0.0,37,18.9,437.0,300.0,137.0
2025-08-27T19:00:00+02:00,28.7,69,0.0,32,19.0,265.0,172.0,93.0
2025-08-27T20:00:00+02:00,27.2,76,0.0,26,17.1,92.0,43.0,49.0
2025-08-27T21:00:00+02:00,26.4,80,0.0,32,14.4,8.0,2.0,6.0
2025-08-27T22:00:00+02:00,25.9,83,0.0,36,13.9,0.0,0.0,0.0
2025-08-27T23:00:00+02:00,25.3,85,0.0,31,14.6,0.0,0.0,0.0
2025-08-28T00:00:00+02:00,24.8,86,0.0,32,16.2,0.0,0.0,0.0
2025-08-28T01:00:00+02:00,24.3,87,0.0,72,11.7,0.0,0.0,0.0
2025-08-28T02:00:00+02:00,24.2,86,0.0,74,8.6,0.0,0.0,0.0
2025-08-28T03:00:00+02:00,23.3,89,0.0,52,7.5,0.0,0.0,0.0
2025-08-28T04:00:00+02:00,24.0,86,0.0,67,8.8,0.0,0.0,0.0
2025-08-28T05:00:00+02:00,22.8,89,0.0,90,9.2,0.0,0.0,0.0
2025-08-28T06:00:00+02:00,22.6,90,0.0,87,9.5,0.0,0.0,0.0
2025-08-28T07:00:00+02:00,23.3,89,0.0,89,8.4,0.0,0.0,0.0
2025-08-28T08:00:00+02:00,23.4,89,0.0,91,7.2,23.0,9.0,14.0
2025-08-28T09:00:00+02:00,24.6,84,0.0,96,3.6,101.0,47.0,54.0
2025-08-28T10:00:00+02:00,25.1,82,0.0,99,0.8,255.0,126.0,129.0
2025-08-28T11:00:00+02:00,25.3,80,0.1,94,2.4,401.0,222.0,179.0
2025-08-28T12:00:00+02:00,25.1,76,0.1,83,3.9,495.0,272.0,223.0
2025-08-28T13:00:00+02:00,22.3,88,4.5,95,12.9,324.0,80.0,244.0
2025-08-28T14:00:00+02:00,22.7,87,2.3,80,8.4,319.0,49.0,270.0
2025-08-28T15:00:00+02:00,23.7,80,0.3,63,7.9,213.0,0.0,213.0
2025-08-28T16:00:00+02:00,24.0,77,0.9,79,7.8,417.0,179.0,238.0
2025-08-28T17:00:00+02:00,22.7,84,0.8,91,2.5,279.0,167.0,112.0
2025-08-28T18:00:00+02:00,21.8,87,1.2,91,2.9,272.0,151.0,121.0
2025-08-28T19:00:00+02:00,22.2,83,0.0,93,3.2,173.0,91.0,82.0
2025-08-28T20:00:00+02:00,22.4,84,0.0,73,5.1,72.0,33.0,39.0
2025-08-28T21:00:00+02:00,22.0,87,0.2,66,6.1,5.0,1.0,4.0
2025-08-28T22:00:00+02:00,21.4,89,0.1,79,5.6,0.0,0.0,0.0
2025-08-28T23:00:00+02:00,21.7,85,0.1,48,2.3,0.0,0.0,0.0
2025-08-29T00:00:00+02:00,20.9,89,0.0,58,1.0,0.0,0.0,0.0
2025-08-29T01:00:00+02:00,21.4,86,0.0,63,4.3,0.0,0.0,0.0
2025-08-29T02:00:00+02:00,21.2,86,0.4,55,8.1,0.0,0.0,0.0
2025-08-29T03:00:00+02:00,20.5,91,1.2,84,12.1,0.0,0.0,0.0
2025-08-29T04:00:00+02:00,19.7,91,2.1,51,13.6,0.0,0.0,0.0
2025-08-29T05:00:00+02:00,19.4,91,1.4,54,11.9,0.0,0.0,0.0
2025-08-29T06:00:00+02:00,19.8,90,0.7,51,8.8,0.0,0.0,0.0
2025-08-29T07:00:00+02:00,19.7,91,0.5,43,5.7,0.0,0.0,0.0
2025-08-29T08:00:00+02:00,19.7,95,0.3,48,3.9,16.0,5.0,11.0
2025-08-29T09:00:00+02:00,20.5,94,0.3,83,4.0,106.0,48.0,58.0
2025-08-29T10:00:00+02:00,22.0,87,0.2,81,4.3,247.0,128.0,119.0
2025-08-29T11:00:00+02:00,23.4,74,0.0,81,6.4,386.0,216.0,170.0
2025-08-29T12:00:00+02:00,24.3,60,0.0,21,8.6,501.0,309.0,192.0
2025-08-29T13:00:00+02:00,25.2,53,0.0,35,13.4,680.0,521.0,159.0
2025-08-29T14:00:00+02:00,26.1,49,0.0,81,18.8,770.0,647.0,123.0
2025-08-29T15:00:00+02:00,27.2,45,0.0,23,20.7,830.0,698.0,132.0
2025-08-29T16:00:00+02:00,27.7,43,0.0,18,20.5,760.0,620.0,140.0
2025-08-29T17:00:00+02:00,27.6,43,0.0,59,21.1,647.0,533.0,114.0
2025-08-29T18:00:00+02:00,26.8,48,0.0,49,18.5,413.0,281.0,132.0
2025-08-29T19:00:00+02:00,26.6,52,0.0,49,11.0,221.0,141.0,80.0
2025-08-29T20:00:00+02:00,25.3,67,0.0,36,6.9,99.0,54.0,45.0
2025-08-29T21:00:00+02:00,24.1,69,0.0,24,9.6,5.0,1.0,4.0
2025-08-29T22:00:00+02:00,22.8,81,0.0,5,10.7,0.0,0.0,0.0
2025-08-29T23:00:00+02:00,22.0,84,0.0,4,11.8,0.0,0.0,0.0
2025-08-30T00:00:00+02:00,21.5,81,0.0,3,12.7,0.0,0.0,0.0
2025-08-30T01:00:00+02:00,21.0,83,0.0,29,8.3,0.0,0.0,0.0
2025-08-30T02:00:00+02:00,20.7,85,0.0,54,6.0,0.0,0.0,0.0
2025-08-30T03:00:00+02:00,20.2,86,0.0,56,5.3,0.0,0.0,0.0
2025-08-30T04:00:00+02:00,20.7,84,0.0,49,2.3,0.0,0.0,0.0
2025-08-30T05:00:00+02:00,19.8,87,0.0,34,4.1,0.0,0.0,0.0
2025-08-30T06:00:00+02:00,19.4,89,0.0,25,4.0,0.0,0.0,0.0
2025-08-30T07:00:00+02:00,18.9,90,0.0,7,3.9,0.0,0.0,0.0
2025-08-30T08:00:00+02:00,19.7,90,0.0,3,4.1,22.0,9.0,13.0
2025-08-30T09:00:00+02:00,21.3,85,0.0,2,3.4,160.0,105.0,55.0
2025-08-30T10:00:00+02:00,23.7,67,0.0,1,3.4,346.0,267.0,79.0
2025-08-30T11:00:00+02:00,24.6,62,0.0,2,2.9,510.0,414.0,96.0
2025-08-30T12:00:00+02:00,25.2,63,0.0,4,4.6,659.0,555.0,104.0
2025-08-30T13:00:00+02:00,26.0,61,0.0,21,3.8,735.0,595.0,140.0
2025-08-30T14:00:00+02:00,26.1,61,0.0,50,6.1,720.0,538.0,182.0
2025-08-30T15:00:00+02:00,26.5,62,0.0,67,12.1,632.0,417.0,215.0
2025-08-30T16:00:00+02:00,26.0,67,0.0,48,15.2,626.0,439.0,187.0
2025-08-30T17:00:00+02:00,25.5,71,0.0,19,18.4,526.0,360.0,166.0
2025-08-30T18:00:00+02:00,24.7,75,0.0,5,17.3,370.0,219.0,151.0
2025-08-30T19:00:00+02:00,24.3,76,0.0,4,14.3,248.0,151.0,97.0
2025-08-30T20:00:00+02:00,23.9,76,0.0,7,11.3,101.0,55.0,46.0
2025-08-30T21:00:00+02:00,22.7,83,0.0,11,9.2,5.0,1.0,4.0
2025-08-30T22:00:00+02:00,22.5,83,0.0,4,7.5,0.0,0.0,0.0
2025-08-30T23:00:00+02:00,22.2,83,0.0,5,6.8,0.0,0.0,0.0
2025-08-31T00:00:00+02:00,22.6,82,0.0,31,7.4,0.0,0.0,0.0
2025-08-31T01:00:00+02:00,22.7,81,0.0,18,6.5,0.0,0.0,0.0
2025-08-31T02:00:00+02:00,22.6,81,0.0,22,5.4,0.0,0.0,0.0
2025-08-31T03:00:00+02:00,22.2,83,0.0,26,3.3,0.0,0.0,0.0
2025-08-31T04:00:00+02:00,22.0,83,0.0,29,1.8,0.0,0.0,0.0
2025-08-31T05:00:00+02:00,22.0,83,0.0,24,0.7,0.0,0.0,0.0
2025-08-31T06:00:00+02:00,21.7,84,0.0,21,1.5,0.0,0.0,0.0
2025-08-31T07:00:00+02:00,21.7,85,0.0,38,1.9,0.0,0.0,0.0
2025-08-31T08:00:00+02:00,22.0,84,0.0,31,3.9,17.0,6.0,11.0
2025-08-31T09:00:00+02:00,23.4,79,0.0,13,3.9,129.0,67.0,62.0
2025-08-31T10:00:00+02:00,24.8,75,0.0,8,2.4,278.0,178.0,100.0
2025-08-31T11:00:00+02:00,26.1,70,0.0,38,5.9,434.0,309.0,125.0
2025-08-31T12:00:00+02:00,26.5,68,0.0,20,6.5,591.0,453.0,138.0
2025-08-31T13:00:00+02:00,27.2,67,0.0,43,10.9,618.0,456.0,162.0
2025-08-31T14:00:00+02:00,27.8,65,0.0,51,14.1,694.0,476.0,218.0
2025-08-31T15:00:00+02:00,27.5,68,0.0,91,16.1,631.0,399.0,232.0
2025-08-31T16:00:00+02:00,27.7,69,0.0,89,17.2,669.0,505.0,164.0
2025-08-31T17:00:00+02:00,27.5,70,0.0,62,18.0,545.0,418.0,127.0
2025-08-31T18:00:00+02:00,26.4,75,0.0,96,17.7,360.0,227.0,133.0
2025-08-31T19:00:00+02:00,26.1,78,0.0,99,15.9,229.0,129.0,100.0
2025-08-31T20:00:00+02:00,25.7,82,0.0,97,11.4,65.0,15.0,50.0
2025-08-31T21:00:00+02:00,25.2,85,0.0,97,7.0,4.0,0.0,4.0
2025-08-31T22:00:00+02:00,25.0,85,0.0,87,4.8,0.0,0.0,0.0
2025-08-31T23:00:00+02:00,25.0,86,0.0,61,4.3,0.0,0.0,0.0
2025-09-01T00:00:00+02:00,24.5,86,0.0,95,4.5,0.0,0.0,0.0
2025-09-01T01:00:00+02:00,24.7,86,0.0,100,4.2,0.0,0.0,0.0
2025-09-01T02:00:00+02:00,24.2,88,0.6,97,4.7,0.0,0.0,0.0
2025-09-01T03:00:00+02:00,23.2,89,2.1,97,4.7,0.0,0.0,0.0
2025-09-01T04:00:00+02:00,22.5,88,1.2,100,7.5,0.0,0.0,0.0
2025-09-01T05:00:00+02:00,21.8,87,0.5,100,9.4,0.0,0.0,0.0
2025-09-01T06:00:00+02:00,21.2,88,0.2,100,11.6,0.0,0.0,0.0
2025-09-01T07:00:00+02:00,20.7,88,0.8,90,16.3,0.0,0.0,0.0
2025-09-01T08:00:00+02:00,20.5,89,0.7,100,14.8,13.0,5.0,8.0
2025-09-01T09:00:00+02:00,21.1,86,0.0,100,14.4,58.0,11.0,47.0
2025-09-01T10:00:00+02:00,21.8,83,0.0,99,11.5,105.0,20.0,85.0
2025-09-01T11:00:00+02:00,23.1,76,0.0,73,7.1,272.0,112.0,160.0
2025-09-01T12:00:00+02:00,23.8,74,0.0,35,7.5,460.0,300.0,160.0
2025-09-01T13:00:00+02:00,24.5,70,0.0,11,7.1,496.0,292.0,204.0
2025-09-01T14:00:00+02:00,25.6,65,0.1,26,9.4,784.0,643.0,141.0
2025-09-01T15:00:00+02:00,26.0,55,0.0,7,10.0,688.0,545.0,143.0
2025-09-01T16:00:00+02:00,26.4,50,0.0,3,12.1,715.0,588.0,127.0
2025-09-01T17:00:00+02:00,26.4,51,0.0,0,13.8,567.0,445.0,122.0
2025-09-01T18:00:00+02:00,25.5,58,0.0,11,13.7,433.0,342.0,91.0
2025-09-01T19:00:00+02:00,24.5,66,0.0,47,11.0,239.0,172.0,67.0
2025-09-01T20:00:00+02:00,23.4,74,0.0,60,10.1,90.0,52.0,38.0
2025-09-01T21:00:00+02:00,22.7,76,0.1,39,9.9,4.0,0.0,4.0
2025-09-01T22:00:00+02:00,22.5,77,0.0,17,11.4,0.0,0.0,0.0
2025-09-01T23:00:00+02:00,21.9,78,0.0,6,13.6,0.0,0.0,0.0
2025-09-02T00:00:00+02:00,21.0,83,0.0,45,8.9,0.0,0.0,0.0
2025-09-02T01:00:00+02:00,20.1,85,0.0,31,10.0,0.0,0.0,0.0
2025-09-02T02:00:00+02:00,21.1,78,0.0,26,7.7,0.0,0.0,0.0
2025-09-02T03:00:00+02:00,20.9,77,0.0,35,5.4,0.0,0.0,0.0
2025-09-02T04:00:00+02:00,19.6,81,0.0,27,4.4,0.0,0.0,0.0
2025-09-02T05:00:00+02:00,19.4,81,0.0,67,4.8,0.0,0.0,0.0
2025-09-02T06:00:00+02:00,20.1,77,0.1,55,4.2,0.0,0.0,0.0
2025-09-02T07:00:00+02:00,20.0,80,0.1,96,5.1,0.0,0.0,0.0
2025-09-02T08:00:00+02:00,20.0,82,0.2,100,6.7,16.0,5.0,11.0
2025-09-02T09:00:00+02:00,21.3,78,0.2,100,6.5,99.0,26.0,73.0
2025-09-02T10:00:00+02:00,22.1,72,0.1,99,6.9,190.0,49.0,141.0
2025-09-02T11:00:00+02:00,23.1,65,0.0,100,7.5,363.0,153.0,210.0
2025-09-02T12:00:00+02:00,23.3,63,0.0,32,8.5,469.0,231.0,238.0
2025-09-02T13:00:00+02:00,24.5,57,0.0,2,11.1,689.0,558.0,131.0
2025-09-02T14:00:00+02:00,25.6,50,0.0,19,14.3,765.0,646.0,119.0
2025-09-02T15:00:00+02:00,26.6,45,0.0,68,16.3,812.0,699.0,113.0
2025-09-02T16:00:00+02:00,27.0,41,0.0,82,16.9,742.0,635.0,107.0
2025-09-02T17:00:00+02:00,27.2,41,0.0,99,16.7,627.0,521.0,106.0
2025-09-02T18:00:00+02:00,26.5,47,0.0,98,16.7,463.0,354.0,109.0
2025-09-02T19:00:00+02:00,25.6,56,0.0,100,16.6,242.0,121.0,121.0
2025-09-02T20:00:00+02:00,24.6,64,0.0,100,16.2,80.0,20.0,60.0
2025-09-02T21:00:00+02:00,23.9,70,0.0,100,16.0,3.0,0.0,3.0
2025-09-02T22:00:00+02:00,23.3,74,0.0,100,12.7,0.0,0.0,0.0
2025-09-02T23:00:00+02:00,23.0,73,0.0,100,9.4,0.0,0.0,0.0
2025-09-03T00:00:00+02:00,21.6,77,0.0,82,8.6,0.0,0.0,0.0
2025-09-03T01:00:00+02:00,21.2,77,0.0,31,8.7,0.0,0.0,0.0
2025-09-03T02:00:00+02:00,21.6,73,0.0,11,8.2,0.0,0.0,0.0
2025-09-03T03:00:00+02:00,21.7,72,0.0,1,6.7,0.0,0.0,0.0
2025-09-03T04:00:00+02:00,20.6,73,0.0,0,5.0,0.0,0.0,0.0
2025-09-03T05:00:00+02:00,19.4,77,0.0,0,4.9,0.0,0.0,0.0
2025-09-03T06:00:00+02:00,18.9,80,0.0,0,5.1,0.0,0.0,0.0
2025-09-03T07:00:00+02:00,18.7,82,0.0,0,5.3,0.0,0.0,0.0
2025-09-03T08:00:00+02:00,19.6,79,0.0,1,4.6,17.0,7.0,10.0
2025-09-03T09:00:00+02:00,21.8,69,0.0,0,3.9,149.0,97.0,52.0
2025-09-03T10:00:00+02:00,23.8,62,0.0,1,2.9,322.0,242.0,80.0
2025-09-03T11:00:00+02:00,25.4,66,0.0,0,6.2,514.0,420.0,94.0
2025-09-03T12:00:00+02:00,26.5,62,0.0,1,9.4,661.0,555.0,106.0
2025-09-03T13:00:00+02:00,27.2,62,0.0,4,14.8,756.0,642.0,114.0
2025-09-03T14:00:00+02:00,27.8,64,0.0,34,19.9,812.0,693.0,119.0
2025-09-03T15:00:00+02:00,28.0,64,0.0,12,22.2,802.0,686.0,116.0
2025-09-03T16:00:00+02:00,27.9,65,0.0,2,23.7,735.0,623.0,112.0
2025-09-03T17:00:00+02:00,27.5,68,0.0,0,24.3,607.0,503.0,104.0
2025-09-03T18:00:00+02:00,26.8,70,0.0,0,23.0,453.0,359.0,94.0
2025-09-03T19:00:00+02:00,26.1,73,0.0,0,19.9,272.0,202.0,70.0
2025-09-03T20:00:00+02:00,25.0,77,0.0,0,15.0,95.0,57.0,38.0
2025-09-03T21:00:00+02:00,24.0,83,0.0,0,11.2,3.0,1.0,2.0
2025-09-03T22:00:00+02:00,23.0,86,0.0,0,9.2,0.0,0.0,0.0
2025-09-03T23:00:00+02:00,22.2,87,0.0,0,9.1,0.0,0.0,0.0
2025-09-04T00:00:00+02:00,22.0,86,0.0,3,9.3,0.0,0.0,0.0
2025-09-04T01:00:00+02:00,21.6,86,0.0,19,8.5,0.0,0.0,0.0
2025-09-04T02:00:00+02:00,21.7,86,0.0,18,7.2,0.0,0.0,0.0
2025-09-04T03:00:00+02:00,20.8,90,0.0,73,7.2,0.0,0.0,0.0
2025-09-04T04:00:00+02:00,21.3,90,0.0,85,6.7,0.0,0.0,0.0
2025-09-04T05:00:00+02:00,21.0,91,0.0,67,6.2,0.0,0.0,0.0
2025-09-04T06:00:00+02:00,20.7,92,0.0,33,5.4,0.0,0.0,0.0
2025-09-04T07:00:00+02:00,20.8,90,0.0,21,4.2,0.0,0.0,0.0
2025-09-04T08:00:00+02:00,21.1,88,0.0,9,3.4,12.0,2.0,10.0
2025-09-04T09:00:00+02:00,22.4,86,0.0,11,4.9,144.0,92.0,52.0
2025-09-04T10:00:00+02:00,24.1,82,0.0,21,10.2,321.0,237.0,84.0
2025-09-04T11:00:00+02:00,25.5,75,0.0,35,12.5,436.0,302.0,134.0
2025-09-04T12:00:00+02:00,26.5,69,0.0,32,17.3,506.0,334.0,172.0
2025-09-04T13:00:00+02:00,26.9,66,0.0,45,17.6,583.0,327.0,256.0
2025-09-04T14:00:00+02:00,26.9,65,0.0,44,17.4,555.0,254.0,301.0
2025-09-04T15:00:00+02:00,27.1,64,0.0,37,16.5,656.0,489.0,167.0
2025-09-04T16:00:00+02:00,27.3,65,0.0,13,16.8,599.0,387.0,212.0
2025-09-04T17:00:00+02:00,27.0,68,0.0,36,17.0,411.0,241.0,170.0
2025-09-04T18:00:00+02:00,26.9,70,0.0,38,11.1,363.0,228.0,135.0
2025-09-04T19:00:00+02:00,26.8,71,0.0,16,8.8,219.0,129.0,90.0
2025-09-04T20:00:00+02:00,25.8,77,0.0,8,7.1,83.0,46.0,37.0
2025-09-04T21:00:00+02:00,24.9,81,0.0,12,6.2,2.0,0.0,2.0
2025-09-04T22:00:00+02:00,25.0,81,0.0,6,2.9,0.0,0.0,0.0
2025-09-04T23:00:00+02:00,23.8,86,0.0,18,6.9,0.0,0.0,0.0
2025-09-05T00:00:00+02:00,23.4,85,0.0,50,11.5,0.0,0.0,0.0
2025-09-05T01:00:00+02:00,22.7,83,0.0,37,12.5,0.0,0.0,0.0
2025-09-05T02:00:00+02:00,22.5,80,0.0,40,11.8,0.0,0.0,0.0
2025-09-05T03:00:00+02:00,22.3,79,0.0,40,12.1,0.0,0.0,0.0
2025-09-05T04:00:00+02:00,22.7,76,0.0,42,12.9,0.0,0.0,0.0
2025-09-05T05:00:00+02:00,22.1,78,0.0,41,12.1,0.0,0.0,0.0
2025-09-05T06:00:00+02:00,21.8,78,0.0,47,11.2,0.0,0.0,0.0
2025-09-05T07:00:00+02:00,21.3,81,0.0,83,10.3,0.0,0.0,0.0
2025-09-05T08:00:00+02:00,21.6,82,0.0,97,11.1,12.0,4.0,8.0
2025-09-05T09:00:00+02:00,22.8,77,0.0,100,11.7,113.0,50.0,63.0
2025-09-05T10:00:00+02:00,23.9,69,0.0,97,12.4,283.0,178.0,105.0
2025-09-05T11:00:00+02:00,24.8,65,0.0,90,10.3,389.0,221.0,168.0
2025-09-05T12:00:00+02:00,25.2,58,0.0,75,6.5,409.0,244.0,165.0
2025-09-05T13:00:00+02:00,25.8,57,0.0,65,6.9,508.0,274.0,234.0
2025-09-05T14:00:00+02:00,25.9,58,0.0,56,8.3,549.0,323.0,226.0
2025-09-05T15:00:00+02:00,26.0,58,0.0,44,9.4,543.0,342.0,201.0
2025-09-05T16:00:00+02:00,26.0,59,0.0,40,10.7,506.0,286.0,220.0
2025-09-05T17:00:00+02:00,25.7,59,0.0,9,11.6,479.0,311.0,168.0
2025-09-05T18:00:00+02:00,25.4,59,0.0,1,12.5,398.0,274.0,124.0
2025-09-05T19:00:00+02:00,24.6,61,0.0,5,11.7,235.0,157.0,78.0
2025-09-05T20:00:00+02:00,23.5,62,0.0,2,9.2,83.0,44.0,39.0
2025-09-05T21:00:00+02:00,22.2,68,0.0,2,5.7,2.0,0.0,2.0
2025-09-05T22:00:00+02:00,21.4,71,0.0,3,5.3,0.0,0.0,0.0
2025-09-05T23:00:00+02:00,21.9,66,0.0,1,2.3,0.0,0.0,0.0
2025-09-06T00:00:00+02:00,21.8,68,0.0,2,1.1,0.0,0.0,0.0
2025-09-06T01:00:00+02:00,21.6,69,0.0,1,2.1,0.0,0.0,0.0
2025-09-06T02:00:00+02:00,20.2,77,0.0,1,3.7,0.0,0.0,0.0
2025-09-06T03:00:00+02:00,19.8,80,0.0,1,5.1,0.0,0.0,0.0
2025-09-06T04:00:00+02:00,19.5,82,0.0,0,5.2,0.0,0.0,0.0
2025-09-06T05:00:00+02:00,19.4,83,0.0,0,5.0,0.0,0.0,0.0
2025-09-06T06:00:00+02:00,19.4,84,0.0,0,4.8,0.0,0.0,0.0
2025-09-06T07:00:00+02:00,19.1,85,0.0,1,4.7,0.0,0.0,0.0
2025-09-06T08:00:00+02:00,19.5,86,0.0,4,5.2,14.0,5.0,9.0
2025-09-06T09:00:00+02:00,21.6,78,0.0,0,2.3,132.0,70.0,62.0
2025-09-06T10:00:00+02:00,23.7,65,0.0,13,1.9,296.0,186.0,110.0
2025-09-06T11:00:00+02:00,25.0,59,0.0,37,5.0,501.0,401.0,100.0
2025-09-06T12:00:00+02:00,25.9,62,0.0,56,7.8,651.0,545.0,106.0
2025-09-06T13:00:00+02:00,26.5,59,0.0,55,10.7,749.0,635.0,114.0
2025-09-06T14:00:00+02:00,26.6,58,0.0,7,10.4,804.0,685.0,119.0
2025-09-06T15:00:00+02:00,26.7,59,0.0,0,11.6,796.0,678.0,118.0
2025-09-06T16:00:00+02:00,26.6,59,0.0,1,13.9,727.0,617.0,110.0
2025-09-06T17:00:00+02:00,26.2,63,0.0,15,13.2,607.0,507.0,100.0
2025-09-06T18:00:00+02:00,25.7,65,0.0,56,11.6,444.0,356.0,88.0
2025-09-06T19:00:00+02:00,25.4,66,0.0,59,10.7,252.0,172.0,80.0
2025-09-06T20:00:00+02:00,24.3,73,0.0,41,6.2,80.0,41.0,39.0
2025-09-06T21:00:00+02:00,23.4,78,0.0,74,6.1,1.0,0.0,1.0
2025-09-06T22:00:00+02:00,24.1,76,0.0,97,6.3,0.0,0.0,0.0
2025-09-06T23:00:00+02:00,24.0,76,0.0,100,5.7,0.0,0.0,0.0
2025-09-07T00:00:00+02:00,23.1,80,0.0,100,5.2,0.0,0.0,0.0
2025-09-07T01:00:00+02:00,24.1,76,0.0,93,5.8,0.0,0.0,0.0
2025-09-07T02:00:00+02:00,23.2,82,0.0,71,4.2,0.0,0.0,0.0
2025-09-07T03:00:00+02:00,23.2,82,0.0,56,2.6,0.0,0.0,0.0
2025-09-07T04:00:00+02:00,23.0,83,0.0,46,3.1,0.0,0.0,0.0
2025-09-07T05:00:00+02:00,22.0,85,0.0,35,5.9,0.0,0.0,0.0
2025-09-07T06:00:00+02:00,22.2,85,0.0,12,7.7,0.0,0.0,0.0
2025-09-07T07:00:00+02:00,22.0,86,0.0,0,6.6,0.0,0.0,0.0
2025-09-07T08:00:00+02:00,22.1,86,0.0,1,3.7,13.0,5.0,8.0
2025-09-07T09:00:00+02:00,23.6,80,0.0,29,3.5,120.0,66.0,54.0
2025-09-07T10:00:00+02:00,24.8,76,0.0,86,4.8,281.0,189.0,92.0
2025-09-07T11:00:00+02:00,25.4,77,0.0,99,6.5,411.0,243.0,168.0
2025-09-07T12:00:00+02:00,26.4,75,0.0,100,4.2,524.0,277.0,247.0
2025-09-07T13:00:00+02:00,27.0,72,0.0,99,4.9,494.0,219.0,275.0
2025-09-07T14:00:00+02:00,27.6,70,0.0,93,7.6,581.0,291.0,290.0
2025-09-07T15:00:00+02:00,28.2,69,0.0,96,10.4,638.0,348.0,290.0
2025-09-07T16:00:00+02:00,28.1,70,0.0,95,11.7,644.0,437.0,207.0
2025-09-07T17:00:00+02:00,27.8,73,0.0,91,10.5,566.0,428.0,138.0
2025-09-07T18:00:00+02:00,27.1,77,0.0,92,12.7,384.0,243.0,141.0
2025-09-07T19:00:00+02:00,26.6,80,0.0,94,12.1,224.0,122.0,102.0
2025-09-07T20:00:00+02:00,25.8,84,0.0,85,8.2,65.0,19.0,46.0
2025-09-07T21:00:00+02:00,25.0,89,0.0,88,4.7,1.0,0.0,1.0
2025-09-07T22:00:00+02:00,24.4,91,0.0,85,4.8,0.0,0.0,0.0
2025-09-07T23:00:00+02:00,24.0,93,0.0,21,4.6,0.0,0.0,0.0
2025-09-08T00:00:00+02:00,24.3,94,0.0,60,4.7,0.0,0.0,0.0
2025-09-08T01:00:00+02:00,24.4,94,0.0,82,4.4,0.0,0.0,0.0
2025-09-08T02:00:00+02:00,24.4,95,0.0,94,4.5,0.0,0.0,0.0
2025-09-08T03:00:00+02:00,24.2,94,0.0,97,5.4,0.0,0.0,0.0
2025-09-08T04:00:00+02:00,24.3,92,0.0,99,7.7,0.0,0.0,0.0
2025-09-08T05:00:00+02:00,24.4,91,0.0,100,8.0,0.0,0.0,0.0
2025-09-08T06:00:00+02:00,24.3,91,0.0,94,8.7,0.0,0.0,0.0
2025-09-08T07:00:00+02:00,24.2,91,0.1,100,9.3,0.0,0.0,0.0
2025-09-08T08:00:00+02:00,24.2,90,0.1,100,10.9,7.0,1.0,6.0
2025-09-08T09:00:00+02:00,24.6,88,0.1,100,12.5,42.0,1.0,41.0
2025-09-08T10:00:00+02:00,24.9,84,0.0,97,12.1,157.0,48.0,109.0
2025-09-08T11:00:00+02:00,25.8,83,0.0,95,11.0,293.0,118.0,175.0
2025-09-08T12:00:00+02:00,26.7,75,0.0,98,7.5,386.0,177.0,209.0
2025-09-08T13:00:00+02:00,26.6,74,0.0,99,6.1,404.0,153.0,251.0
2025-09-08T14:00:00+02:00,26.1,75,0.0,98,7.7,499.0,306.0,193.0
2025-09-08T15:00:00+02:00,25.9,75,0.0,59,9.0,584.0,377.0,207.0
2025-09-08T16:00:00+02:00,25.6,76,0.0,85,10.4,599.0,423.0,176.0
2025-09-08T17:00:00+02:00,24.9,81,0.3,90,9.6,473.0,322.0,151.0
2025-09-08T18:00:00+02:00,24.6,83,0.1,87,8.7,251.0,111.0,140.0
2025-09-08T19:00:00+02:00,24.3,84,0.0,88,8.2,106.0,26.0,80.0
2025-09-08T20:00:00+02:00,23.8,85,0.1,86,6.7,26.0,1.0,25.0
2025-09-08T21:00:00+02:00,23.6,87,0.0,97,7.4,0.0,0.0,0.0
2025-09-08T22:00:00+02:00,23.6,85,0.0,99,9.8,0.0,0.0,0.0
2025-09-08T23:00:00+02:00,23.3,86,0.1,100,10.4,0.0,0.0,0.0
2025-09-09T00:00:00+02:00,23.7,82,0.2,100,10.8,0.0,0.0,0.0
2025-09-09T01:00:00+02:00,23.2,83,0.4,99,7.2,0.0,0.0,0.0
2025-09-09T02:00:00+02:00,22.9,85,0.6,99,6.4,0.0,0.0,0.0
2025-09-09T03:00:00+02:00,22.6,84,0.8,99,6.2,0.0,0.0,0.0
2025-09-09T04:00:00+02:00,22.2,86,0.9,96,9.1,0.0,0.0,0.0
2025-09-09T05:00:00+02:00,22.0,87,0.3,94,9.5,0.0,0.0,0.0
2025-09-09T06:00:00+02:00,21.4,89,1.2,93,11.8,0.0,0.0,0.0
2025-09-09T07:00:00+02:00,20.9,90,2.4,98,14.6,0.0,0.0,0.0
2025-09-09T08:00:00+02:00,21.0,87,5.1,100,14.1,2.0,0.0,2.0
2025-09-09T09:00:00+02:00,20.8,89,3.6,100,13.7,33.0,2.0,31.0
2025-09-09T10:00:00+02:00,20.7,89,2.2,100,13.2,85.0,15.0,70.0
2025-09-09T11:00:00+02:00,20.2,90,1.4,100,11.9,124.0,35.0,89.0
2025-09-09T12:00:00+02:00,21.4,79,0.3,97,3.5,192.0,63.0,129.0
2025-09-09T13:00:00+02:00,22.3,75,0.2,98,3.1,217.0,10.0,207.0
2025-09-09T14:00:00+02:00,23.0,70,0.0,100,2.0,249.0,27.0,222.0
2025-09-09T15:00:00+02:00,23.0,69,0.0,100,5.2,214.0,28.0,186.0
2025-09-09T16:00:00+02:00,23.2,67,0.0,100,7.0,251.0,38.0,213.0
2025-09-09T17:00:00+02:00,23.0,67,0.0,100,7.6,257.0,19.0,238.0
2025-09-09T18:00:00+02:00,22.8,69,0.0,100,7.4,209.0,52.0,157.0
2025-09-09T19:00:00+02:00,22.6,70,0.0,100,5.6,89.0,5.0,84.0
2025-09-09T20:00:00+02:00,22.1,73,0.0,100,3.2,32.0,1.0,31.0
2025-09-09T21:00:00+02:00,22.2,72,0.0,100,1.7,0.0,0.0,0.0
2025-09-09T22:00:00+02:00,22.2,73,0.0,100,0.9,0.0,0.0,0.0
2025-09-09T23:00:00+02:00,21.0,81,0.0,97,1.7,0.0,0.0,0.0
2025-09-10T00:00:00+02:00,21.4,79,0.0,99,4.8,0.0,0.0,0.0
2025-09-10T01:00:00+02:00,20.7,83,0.0,99,4.7,0.0,0.0,0.0
2025-09-10T02:00:00+02:00,20.0,89,0.0,97,3.1,0.0,0.0,0.0
2025-09-10T03:00:00+02:00,20.0,90,0.0,95,3.8,0.0,0.0,0.0
2025-09-10T04:00:00+02:00,19.6,92,0.0,86,5.1,0.0,0.0,0.0
2025-09-10T05:00:00+02:00,19.4,92,0.0,83,7.2,0.0,0.0,0.0
2025-09-10T06:00:00+02:00,19.2,91,0.0,41,6.4,0.0,0.0,0.0
2025-09-10T07:00:00+02:00,19.0,91,0.0,24,6.6,0.0,0.0,0.0
2025-09-10T08:00:00+02:00,18.8,92,0.0,15,7.7,9.0,2.0,7.0
2025-09-10T09:00:00+02:00,20.2,89,0.0,7,9.1,108.0,58.0,50.0
2025-09-10T10:00:00+02:00,22.1,80,0.0,23,9.5,294.0,210.0,84.0
2025-09-10T11:00:00+02:00,23.5,68,0.0,85,8.2,442.0,316.0,126.0
2025-09-10T12:00:00+02:00,24.5,60,0.0,74,5.9,601.0,434.0,167.0
2025-09-10T13:00:00+02:00,24.8,57,0.0,74,9.7,681.0,459.0,222.0
2025-09-10T14:00:00+02:00,25.9,52,0.0,72,13.9,702.0,484.0,218.0
2025-09-10T15:00:00+02:00,26.9,46,0.0,11,17.5,691.0,485.0,206.0
2025-09-10T16:00:00+02:00,27.9,43,0.0,9,20.4,651.0,477.0,174.0
2025-09-10T17:00:00+02:00,27.3,45,0.0,10,21.3,536.0,388.0,148.0
2025-09-10T18:00:00+02:00,26.6,48,0.0,15,20.0,409.0,301.0,108.0
2025-09-10T19:00:00+02:00,26.1,52,0.0,30,17.4,212.0,142.0,70.0
2025-09-10T20:00:00+02:00,24.9,55,0.0,10,13.9,69.0,41.0,28.0
2025-09-10T21:00:00+02:00,23.9,60,0.0,10,12.8,0.0,0.0,0.0
2025-09-10T22:00:00+02:00,23.0,65,0.0,14,12.1,0.0,0.0,0.0
2025-09-10T23:00:00+02:00,22.1,66,0.0,17,9.2,0.0,0.0,0.0
2025-09-11T00:00:00+02:00,21.7,64,0.0,6,7.5,0.0,0.0,0.0
2025-09-11T01:00:00+02:00,21.1,67,0.0,1,6.6,0.0,0.0,0.0
2025-09-11T02:00:00+02:00,20.2,74,0.0,3,5.8,0.0,0.0,0.0
2025-09-11T03:00:00+02:00,19.6,77,0.0,3,6.1,0.0,0.0,0.0
2025-09-11T04:00:00+02:00,19.0,80,0.0,2,6.4,0.0,0.0,0.0
2025-09-11T05:00:00+02:00,18.7,85,0.0,6,6.8,0.0,0.0,0.0
2025-09-11T06:00:00+02:00,19.3,84,0.0,15,7.1,0.0,0.0,0.0
2025-09-11T07:00:00+02:00,19.4,85,0.0,18,6.9,0.0,0.0,0.0
2025-09-11T08:00:00+02:00,19.5,87,0.0,26,7.1,10.0,3.0,7.0
2025-09-11T09:00:00+02:00,21.8,81,0.0,32,8.5,115.0,70.0,45.0
2025-09-11T10:00:00+02:00,22.6,79,0.2,41,10.7,266.0,180.0,86.0
2025-09-11T11:00:00+02:00,23.3,76,0.4,62,12.7,383.0,276.0,107.0
2025-09-11T12:00:00+02:00,24.0,72,0.6,62,12.6,439.0,287.0,152.0
2025-09-11T13:00:00+02:00,24.5,71,0.5,67,14.2,599.0,433.0,166.0
2025-09-11T14:00:00+02:00,24.2,72,0.5,73,14.8,583.0,438.0,145.0
2025-09-11T15:00:00+02:00,23.9,75,0.5,77,14.8,537.0,356.0,181.0
2025-09-11T16:00:00+02:00,23.8,78,0.5,92,15.1,446.0,292.0,154.0
2025-09-11T17:00:00+02:00,23.4,80,0.4,94,15.0,430.0,292.0,138.0
2025-09-11T18:00:00+02:00,23.1,82,0.1,86,14.1,294.0,183.0,111.0
2025-09-11T19:00:00+02:00,22.1,85,0.1,79,13.3,179.0,104.0,75.0
2025-09-11T20:00:00+02:00,21.7,85,0.1,74,12.1,47.0,21.0,26.0
2025-09-11T21:00:00+02:00,21.5,86,0.1,63,11.0,0.0,0.0,0.0
2025-09-11T22:00:00+02:00,21.3,85,0.0,53,10.5,0.0,0.0,0.0
2025-09-11T23:00:00+02:00,21.1,85,0.0,51,9.2,0.0,0.0,0.0
2025-09-12T00:00:00+02:00,20.8,79,0.0,76,4.5,0.0,0.0,0.0
2025-09-12T01:00:00+02:00,20.7,79,0.0,75,2.5,0.0,0.0,0.0
2025-09-12T02:00:00+02:00,20.4,80,0.0,70,1.7,0.0,0.0,0.0
2025-09-12T03:00:00+02:00,20.8,77,0.0,57,2.8,0.0,0.0,0.0
2025-09-12T04:00:00+02:00,21.2,76,0.0,57,1.5,0.0,0.0,0.0
2025-09-12T05:00:00+02:00,20.6,79,0.0,46,1.6,0.0,0.0,0.0
2025-09-12T06:00:00+02:00,20.4,80,0.0,45,3.6,0.0,0.0,0.0
2025-09-12T07:00:00+02:00,20.5,81,0.0,39,4.5,0.0,0.0,0.0
2025-09-12T08:00:00+02:00,20.8,81,0.0,37,6.0,6.0,2.0,4.0
2025-09-12T09:00:00+02:00,21.7,80,0.0,52,7.2,87.0,47.0,40.0
2025-09-12T10:00:00+02:00,22.7,76,0.0,57,6.8,195.0,105.0,90.0
2025-09-12T11:00:00+02:00,23.8,73,0.0,69,5.4,271.0,147.0,124.0
2025-09-12T12:00:00+02:00,24.5,74,0.2,79,10.6,372.0,196.0,176.0
2025-09-12T13:00:00+02:00,24.5,74,0.2,59,11.6,431.0,180.0,251.0
2025-09-12T14:00:00+02:00,23.5,80,0.5,88,14.6,355.0,125.0,230.0
2025-09-12T15:00:00+02:00,23.4,82,0.4,82,17.4,513.0,373.0,140.0
2025-09-12T16:00:00+02:00,23.3,81,0.1,80,16.9,411.0,256.0,155.0
2025-09-12T17:00:00+02:00,23.0,82,0.1,58,16.6,319.0,169.0,150.0
2025-09-12T18:00:00+02:00,22.7,82,0.0,49,15.5,201.0,89.0,112.0
2025-09-12T19:00:00+02:00,22.3,83,0.0,64,14.4,103.0,37.0,66.0
2025-09-12T20:00:00+02:00,22.1,83,0.0,60,13.3,34.0,8.0,26.0
2025-09-12T21:00:00+02:00,22.0,83,0.0,51,13.0,0.0,0.0,0.0
2025-09-12T22:00:00+02:00,22.1,82,0.0,29,13.3,0.0,0.0,0.0
2025-09-12T23:00:00+02:00,22.1,80,0.0,20,12.6,0.0,0.0,0.0
2025-09-13T00:00:00+02:00,21.8,80,0.0,88,11.1,0.0,0.0,0.0
2025-09-13T01:00:00+02:00,21.7,80,0.0,81,10.2,0.0,0.0,0.0
2025-09-13T02:00:00+02:00,21.0,84,0.0,74,9.2,0.0,0.0,0.0
2025-09-13T03:00:00+02:00,21.2,85,0.0,95,5.4,0.0,0.0,0.0
2025-09-13T04:00:00+02:00,21.1,86,0.0,99,5.1,0.0,0.0,0.0
2025-09-13T05:00:00+02:00,21.2,86,0.0,99,5.2,0.0,0.0,0.0
2025-09-13T06:00:00+02:00,21.3,86,0.0,96,5.2,0.0,0.0,0.0
2025-09-13T07:00:00+02:00,21.3,86,0.0,85,5.6,0.0,0.0,0.0
2025-09-13T08:00:00+02:00,21.4,86,0.1,96,4.5,4.0,1.0,3.0
2025-09-13T09:00:00+02:00,21.6,86,4.9,98,4.2,35.0,1.0,34.0
2025-09-13T10:00:00+02:00,22.2,84,6.8,99,5.1,85.0,13.0,72.0
2025-09-13T11:00:00+02:00,22.8,85,6.5,100,6.9,69.0,0.0,69.0
2025-09-13T12:00:00+02:00,22.3,89,3.3,99,3.8,132.0,8.0,124.0
2025-09-13T13:00:00+02:00,22.7,87,1.0,100,2.1,187.0,40.0,147.0
2025-09-13T14:00:00+02:00,22.7,85,0.0,98,1.6,251.0,54.0,197.0
2025-09-13T15:00:00+02:00,23.3,82,0.0,97,1.4,362.0,100.0,262.0
2025-09-13T16:00:00+02:00,23.6,80,0.4,78,1.3,416.0,191.0,225.0
2025-09-13T17:00:00+02:00,24.0,79,0.0,71,2.5,412.0,230.0,182.0
2025-09-13T18:00:00+02:00,24.1,79,0.0,92,3.0,309.0,191.0,118.0
2025-09-13T19:00:00+02:00,24.1,80,0.0,97,3.1,168.0,93.0,75.0
2025-09-13T20:00:00+02:00,23.3,85,0.0,99,4.6,45.0,18.0,27.0
2025-09-13T21:00:00+02:00,23.6,84,0.0,99,6.5,0.0,0.0,0.0
2025-09-13T22:00:00+02:00,22.4,90,0.0,100,10.0,0.0,0.0,0.0
2025-09-13T23:00:00+02:00,22.2,92,0.0,99,13.4,0.0,0.0,0.0
2025-09-14T00:00:00+02:00,21.9,90,0.0,99,11.6,0.0,0.0,0.0
2025-09-14T01:00:00+02:00,21.7,88,0.0,99,13.1,0.0,0.0,0.0
2025-09-14T02:00:00+02:00,21.6,87,0.0,99,13.6,0.0,0.0,0.0
2025-09-14T03:00:00+02:00,21.3,86,0.0,95,12.1,0.0,0.0,0.0
2025-09-14T04:00:00+02:00,21.0,86,0.0,99,10.3,0.0,0.0,0.0
2025-09-14T05:00:00+02:00,20.8,86,0.0,100,8.2,0.0,0.0,0.0
2025-09-14T06:00:00+02:00,20.7,86,0.0,98,7.8,0.0,0.0,0.0
2025-09-14T07:00:00+02:00,20.5,86,0.0,97,6.9,0.0,0.0,0.0
2025-09-14T08:00:00+02:00,20.7,85,0.0,88,6.0,5.0,1.0,4.0
2025-09-14T09:00:00+02:00,21.6,83,0.0,75,3.1,67.0,24.0,43.0
2025-09-14T10:00:00+02:00,22.7,81,0.0,68,1.1,169.0,70.0,99.0
2025-09-14T11:00:00+02:00,23.7,78,0.0,77,1.0,279.0,129.0,150.0
2025-09-14T12:00:00+02:00,24.8,75,0.0,88,3.3,400.0,252.0,148.0
2025-09-14T13:00:00+02:00,25.5,72,0.0,69,4.6,424.0,201.0,223.0
2025-09-14T14:00:00+02:00,26.1,73,0.0,73,6.3,578.0,381.0,197.0
2025-09-14T15:00:00+02:00,26.2,73,0.0,67,9.3,655.0,496.0,159.0
2025-09-14T16:00:00+02:00,26.1,74,0.0,71,10.0,573.0,442.0,131.0
2025-09-14T17:00:00+02:00,25.6,77,0.0,48,12.0,473.0,360.0,113.0
2025-09-14T18:00:00+02:00,25.3,78,0.0,60,12.5,359.0,271.0,88.0
2025-09-14T19:00:00+02:00,24.4,82,0.0,53,10.9,204.0,137.0,67.0
2025-09-14T20:00:00+02:00,23.5,86,0.0,71,6.4,48.0,27.0,21.0
2025-09-14T21:00:00+02:00,23.5,85,0.0,54,2.8,0.0,0.0,0.0
2025-09-14T22:00:00+02:00,23.2,85,0.0,51,0.9,0.0,0.0,0.0
2025-09-14T23:00:00+02:00,22.8,86,0.0,44,1.5,0.0,0.0,0.0
2025-09-15T00:00:00+02:00,22.3,90,0.0,53,4.0,0.0,0.0,0.0
2025-09-15T01:00:00+02:00,22.0,90,0.0,51,4.6,0.0,0.0,0.0
2025-09-15T02:00:00+02:00,22.1,90,0.0,48,3.9,0.0,0.0,0.0
2025-09-15T03:00:00+02:00,21.8,91,0.0,53,3.2,0.0,0.0,0.0
2025-09-15T04:00:00+02:00,21.8,92,0.0,45,3.1,0.0,0.0,0.0
2025-09-15T05:00:00+02:00,21.7,93,0.0,45,3.9,0.0,0.0,0.0
2025-09-15T06:00:00+02:00,21.5,93,0.0,46,4.1,0.0,0.0,0.0
2025-09-15T07:00:00+02:00,21.5,93,0.0,44,4.5,0.0,0.0,0.0
2025-09-15T08:00:00+02:00,21.4,91,0.0,77,5.3,5.0,1.0,4.0
2025-09-15T09:00:00+02:00,22.2,88,0.0,75,6.6,85.0,39.0,46.0
2025-09-15T10:00:00+02:00,23.5,85,0.0,71,7.7,226.0,134.0,92.0
2025-09-15T11:00:00+02:00,24.7,81,0.0,42,9.4,416.0,291.0,125.0
2025-09-15T12:00:00+02:00,26.3,73,0.0,8,9.9,586.0,442.0,144.0
2025-09-15T13:00:00+02:00,27.1,70,0.0,3,11.6,691.0,557.0,134.0
2025-09-15T14:00:00+02:00,27.6,69,0.0,6,14.3,745.0,610.0,135.0
2025-09-15T15:00:00+02:00,28.2,70,0.0,26,14.9,758.0,652.0,106.0
2025-09-15T16:00:00+02:00,28.2,71,0.0,37,14.3,686.0,583.0,103.0
2025-09-15T17:00:00+02:00,27.9,73,0.0,10,14.5,562.0,470.0,92.0
2025-09-15T18:00:00+02:00,27.3,76,0.0,4,14.6,398.0,317.0,81.0
2025-09-15T19:00:00+02:00,26.3,80,0.0,3,13.5,208.0,144.0,64.0
2025-09-15T20:00:00+02:00,25.3,83,0.0,0,10.4,48.0,26.0,22.0
2025-09-15T21:00:00+02:00,24.5,87,0.0,4,6.6,0.0,0.0,0.0
2025-09-15T22:00:00+02:00,24.8,85,0.0,6,4.9,0.0,0.0,0.0
2025-09-15T23:00:00+02:00,24.6,87,0.0,23,0.6,0.0,0.0,0.0
2025-09-16T00:00:00+02:00,24.1,91,0.0,31,2.2,0.0,0.0,0.0
2025-09-16T01:00:00+02:00,24.1,91,0.0,37,5.1,0.0,0.0,0.0
2025-09-16T02:00:00+02:00,24.2,90,0.1,66,4.7,0.0,0.0,0.0
2025-09-16T03:00:00+02:00,23.4,91,0.2,55,5.3,0.0,0.0,0.0
2025-09-16T04:00:00+02:00,23.4,90,0.0,39,5.0,0.0,0.0,0.0
2025-09-16T05:00:00+02:00,23.1,89,0.0,29,5.4,0.0,0.0,0.0
2025-09-16T06:00:00+02:00,22.7,88,0.0,41,6.0,0.0,0.0,0.0
2025-09-16T07:00:00+02:00,23.1,86,0.0,46,4.9,0.0,0.0,0.0
2025-09-16T08:00:00+02:00,23.1,86,0.0,41,3.4,4.0,1.0,3.0
2025-09-16T09:00:00+02:00,23.3,86,0.0,33,4.4,85.0,42.0,43.0
2025-09-16T10:00:00+02:00,23.8,84,0.0,29,4.8,238.0,165.0,73.0
2025-09-16T11:00:00+02:00,24.5,80,0.0,29,4.8,403.0,294.0,109.0
2025-09-16T12:00:00+02:00,25.0,75,0.0,25,7.2,447.0,330.0,117.0
2025-09-16T13:00:00+02:00,24.7,75,0.0,58,8.2,503.0,330.0,173.0
2025-09-16T14:00:00+02:00,24.7,75,0.0,65,9.5,457.0,266.0,191.0
2025-09-16T15:00:00+02:00,24.3,77,0.0,58,9.8,325.0,168.0,157.0
2025-09-16T16:00:00+02:00,24.4,76,0.0,79,10.2,356.0,150.0,206.0
2025-09-16T17:00:00+02:00,24.4,75,0.0,93,10.4,345.0,176.0,169.0
2025-09-16T18:00:00+02:00,23.9,76,0.0,80,10.5,195.0,77.0,118.0
2025-09-16T19:00:00+02:00,23.5,77,0.0,78,9.9,114.0,37.0,77.0
2025-09-16T20:00:00+02:00,23.0,78,0.0,92,6.9,30.0,8.0,22.0
2025-09-16T21:00:00+02:00,22.7,79,0.0,98,6.0,0.0,0.0,0.0
2025-09-16T22:00:00+02:00,22.1,82,0.0,99,5.8,0.0,0.0,0.0
2025-09-16T23:00:00+02:00,21.9,81,0.0,100,4.8,0.0,0.0,0.0
2025-09-17T00:00:00+02:00,22.2,80,0.0,99,3.3,0.0,0.0,0.0
2025-09-17T01:00:00+02:00,22.3,76,0.0,99,2.7,0.0,0.0,0.0
2025-09-17T02:00:00+02:00,21.7,82,0.0,99,3.5,0.0,0.0,0.0
2025-09-17T03:00:00+02:00,21.5,83,0.0,97,4.5,0.0,0.0,0.0
2025-09-17T04:00:00+02:00,21.1,85,0.0,100,4.2,0.0,0.0,0.0
2025-09-17T05:00:00+02:00,20.8,86,0.0,99,4.8,0.0,0.0,0.0
2025-09-17T06:00:00+02:00,20.8,88,0.0,99,4.6,0.0,0.0,0.0
2025-09-17T07:00:00+02:00,21.0,87,0.0,99,4.4,0.0,0.0,0.0
2025-09-17T08:00:00+02:00,21.6,85,0.0,100,4.2,4.0,0.0,4.0
2025-09-17T09:00:00+02:00,22.3,83,0.0,94,4.5,69.0,15.0,54.0
2025-09-17T10:00:00+02:00,23.2,82,0.0,89,4.5,166.0,60.0,106.0
2025-09-17T11:00:00+02:00,24.7,78,0.0,95,4.7,321.0,144.0,177.0
2025-09-17T12:00:00+02:00,26.4,73,0.0,93,3.4,396.0,159.0,237.0
2025-09-17T13:00:00+02:00,27.2,70,0.0,56,3.5,478.0,190.0,288.0
2025-09-17T14:00:00+02:00,27.6,69,0.0,54,6.5,506.0,232.0,274.0
2025-09-17T15:00:00+02:00,27.7,71,0.0,47,7.9,618.0,456.0,162.0
2025-09-17T16:00:00+02:00,27.8,74,0.0,45,8.5,611.0,437.0,174.0
2025-09-17T17:00:00+02:00,27.6,75,0.0,54,9.7,526.0,409.0,117.0
2025-09-17T18:00:00+02:00,27.1,78,0.0,53,10.5,369.0,277.0,92.0
2025-09-17T19:00:00+02:00,26.0,82,0.0,87,9.8,194.0,128.0,66.0
2025-09-17T20:00:00+02:00,24.6,89,0.0,76,7.2,40.0,18.0,22.0
2025-09-17T21:00:00+02:00,23.8,92,0.0,76,6.8,0.0,0.0,0.0
2025-09-17T22:00:00+02:00,23.7,92,0.0,81,6.5,0.0,0.0,0.0
2025-09-17T23:00:00+02:00,23.5,93,0.0,69,6.5,0.0,0.0,0.0
2025-09-18T00:00:00+02:00,23.1,93,0.0,68,4.7,0.0,0.0,0.0
2025-09-18T01:00:00+02:00,23.4,93,0.0,80,4.9,0.0,0.0,0.0
2025-09-18T02:00:00+02:00,23.6,92,0.0,82,5.6,0.0,0.0,0.0
2025-09-18T03:00:00+02:00,23.3,90,0.0,78,6.7,0.0,0.0,0.0
2025-09-18T04:00:00+02:00,22.8,90,0.0,71,7.0,0.0,0.0,0.0
2025-09-18T05:00:00+02:00,22.3,90,0.0,20,6.8,0.0,0.0,0.0
2025-09-18T06:00:00+02:00,22.0,90,0.0,21,5.6,0.0,0.0,0.0
2025-09-18T07:00:00+02:00,21.6,89,0.0,25,5.4,0.0,0.0,0.0
2025-09-18T08:00:00+02:00,21.6,88,0.0,17,5.3,5.0,1.0,4.0
2025-09-18T09:00:00+02:00,23.3,85,0.0,14,5.9,105.0,62.0,43.0
2025-09-18T10:00:00+02:00,24.9,78,0.0,12,5.7,277.0,196.0,81.0
2025-09-18T11:00:00+02:00,26.6,71,0.0,6,6.3,459.0,368.0,91.0
2025-09-18T12:00:00+02:00,27.3,73,0.0,4,7.2,604.0,498.0,106.0
2025-09-18T13:00:00+02:00,27.7,72,0.0,4,8.6,690.0,576.0,114.0
2025-09-18T14:00:00+02:00,27.8,72,0.0,4,9.8,729.0,604.0,125.0
2025-09-18T15:00:00+02:00,27.8,72,0.0,33,11.1,710.0,586.0,124.0
2025-09-18T16:00:00+02:00,27.6,74,0.0,46,11.2,649.0,544.0,105.0
2025-09-18T17:00:00+02:00,27.3,75,0.0,49,10.5,536.0,439.0,97.0
2025-09-18T18:00:00+02:00,26.6,79,0.0,50,8.9,376.0,295.0,81.0
2025-09-18T19:00:00+02:00,25.6,83,0.0,49,6.5,195.0,135.0,60.0
2025-09-18T20:00:00+02:00,24.9,87,0.0,39,3.6,39.0,21.0,18.0
2025-09-18T21:00:00+02:00,24.2,91,0.0,27,3.5,0.0,0.0,0.0
2025-09-18T22:00:00+02:00,23.9,93,0.0,13,1.8,0.0,0.0,0.0
2025-09-18T23:00:00+02:00,23.4,95,0.0,38,1.1,0.0,0.0,0.0
2025-09-19T00:00:00+02:00,23.0,93,0.0,86,2.7,0.0,0.0,0.0
2025-09-19T01:00:00+02:00,22.9,92,0.0,97,1.7,0.0,0.0,0.0
2025-09-19T02:00:00+02:00,22.3,93,0.0,100,3.8,0.0,0.0,0.0
2025-09-19T03:00:00+02:00,22.2,92,0.0,99,5.4,0.0,0.0,0.0
2025-09-19T04:00:00+02:00,22.0,92,0.0,82,5.8,0.0,0.0,0.0
2025-09-19T05:00:00+02:00,21.8,92,0.0,79,5.0,0.0,0.0,0.0
2025-09-19T06:00:00+02:00,21.9,90,0.0,49,3.8,0.0,0.0,0.0
2025-09-19T07:00:00+02:00,21.7,89,0.0,34,4.6,0.0,0.0,0.0
2025-09-19T08:00:00+02:00,21.5,88,0.0,64,4.2,3.0,1.0,2.0
2025-09-19T09:00:00+02:00,22.3,83,0.0,66,4.8,76.0,30.0,46.0
2025-09-19T10:00:00+02:00,23.3,79,0.0,66,4.5,217.0,109.0,108.0
2025-09-19T11:00:00+02:00,24.6,75,0.0,29,4.5,407.0,284.0,123.0
2025-09-19T12:00:00+02:00,25.8,73,0.0,52,5.7,583.0,469.0,114.0
2025-09-19T13:00:00+02:00,26.7,66,0.0,9,7.6,696.0,564.0,132.0
2025-09-19T14:00:00+02:00,27.2,64,0.0,4,9.5,737.0,606.0,131.0
2025-09-19T15:00:00+02:00,27.4,63,0.0,4,11.2,724.0,601.0,123.0
2025-09-19T16:00:00+02:00,27.0,67,0.0,2,11.5,643.0,517.0,126.0
2025-09-19T17:00:00+02:00,26.7,71,0.0,2,11.3,540.0,447.0,93.0
2025-09-19T18:00:00+02:00,25.9,75,0.0,0,11.9,374.0,292.0,82.0
2025-09-19T19:00:00+02:00,25.1,79,0.0,8,11.0,191.0,132.0,59.0
2025-09-19T20:00:00+02:00,23.8,86,0.0,20,6.7,37.0,19.0,18.0
2025-09-19T21:00:00+02:00,23.4,87,0.0,21,5.6,0.0,0.0,0.0
2025-09-19T22:00:00+02:00,23.3,86,0.0,44,5.9,0.0,0.0,0.0
2025-09-19T23:00:00+02:00,24.0,84,0.0,45,3.0,0.0,0.0,0.0
2025-09-20T00:00:00+02:00,23.2,88,0.0,70,1.8,0.0,0.0,0.0
2025-09-20T01:00:00+02:00,22.9,89,0.0,72,2.6,0.0,0.0,0.0
2025-09-20T02:00:00+02:00,22.8,88,0.0,93,2.9,0.0,0.0,0.0
2025-09-20T03:00:00+02:00,22.8,88,0.0,82,2.4,0.0,0.0,0.0
2025-09-20T04:00:00+02:00,22.7,90,0.0,75,2.1,0.0,0.0,0.0
2025-09-20T05:00:00+02:00,22.4,90,0.0,76,1.9,0.0,0.0,0.0
2025-09-20T06:00:00+02:00,22.3,89,0.0,85,1.5,0.0,0.0,0.0
2025-09-20T07:00:00+02:00,22.0,89,0.0,79,1.8,0.0,0.0,0.0
2025-09-20T08:00:00+02:00,22.1,88,0.0,88,3.3,3.0,1.0,2.0
2025-09-20T09:00:00+02:00,22.9,86,0.3,91,5.0,61.0,27.0,34.0
2025-09-20T10:00:00+02:00,24.0,85,0.4,63,6.6,145.0,59.0,86.0
2025-09-20T11:00:00+02:00,25.3,81,0.2,61,9.6,273.0,122.0,151.0
2025-09-20T12:00:00+02:00,25.9,83,0.4,83,10.8,392.0,203.0,189.0
2025-09-20T13:00:00+02:00,26.1,82,0.3,70,12.2,457.0,231.0,226.0
2025-09-20T14:00:00+02:00,26.0,83,0.1,71,13.4,391.0,194.0,197.0
2025-09-20T15:00:00+02:00,25.9,84,0.1,76,13.4,391.0,168.0,223.0
2025-09-20T16:00:00+02:00,25.9,82,0.1,69,14.2,442.0,239.0,203.0
2025-09-20T17:00:00+02:00,25.7,83,0.1,67,13.5,428.0,298.0,130.0
2025-09-20T18:00:00+02:00,25.2,83,0.0,66,11.9,285.0,178.0,107.0
2025-09-20T19:00:00+02:00,24.8,84,0.0,51,10.5,150.0,91.0,59.0
2025-09-20T20:00:00+02:00,23.9,88,0.0,50,6.5,28.0,12.0,16.0
2025-09-20T21:00:00+02:00,24.3,84,0.0,44,6.7,0.0,0.0,0.0
2025-09-20T22:00:00+02:00,24.1,84,0.0,55,5.2,0.0,0.0,0.0
2025-09-20T23:00:00+02:00,23.9,84,0.0,39,2.9,0.0,0.0,0.0
2025-09-21T00:00:00+02:00,24.1,82,0.0,70,4.8,0.0,0.0,0.0
2025-09-21T01:00:00+02:00,24.0,82,0.0,96,4.9,0.0,0.0,0.0
2025-09-21T02:00:00+02:00,23.8,81,0.0,67,3.5,0.0,0.0,0.0
2025-09-21T03:00:00+02:00,23.5,81,0.0,72,6.2,0.0,0.0,0.0
2025-09-21T04:00:00+02:00,23.6,83,0.0,65,2.8,0.0,0.0,0.0
2025-09-21T05:00:00+02:00,22.7,87,0.0,90,1.1,0.0,0.0,0.0
2025-09-21T06:00:00+02:00,22.6,88,0.0,98,1.8,0.0,0.0,0.0
2025-09-21T07:00:00+02:00,22.6,89,0.0,90,3.3,0.0,0.0,0.0
2025-09-21T08:00:00+02:00,22.6,88,0.0,73,4.6,2.0,0.0,2.0
2025-09-21T09:00:00+02:00,22.8,88,0.0,70,4.2,57.0,17.0,40.0
2025-09-21T10:00:00+02:00,23.4,85,0.1,65,3.6,224.0,112.0,112.0
2025-09-21T11:00:00+02:00,23.6,82,0.1,50,3.7,275.0,131.0,144.0
2025-09-21T12:00:00+02:00,24.1,85,0.2,97,7.2,330.0,187.0,143.0
2025-09-21T13:00:00+02:00,24.8,85,0.5,100,9.0,327.0,194.0,133.0
2025-09-21T14:00:00+02:00,26.1,79,0.2,98,8.0,418.0,227.0,191.0
2025-09-21T15:00:00+02:00,25.1,81,0.8,100,8.1,381.0,229.0,152.0
2025-09-21T16:00:00+02:00,24.9,82,0.7,100,4.9,359.0,170.0,189.0
2025-09-21T17:00:00+02:00,24.3,84,0.7,99,6.6,251.0,136.0,115.0
2025-09-21T18:00:00+02:00,23.5,85,0.4,97,1.9,138.0,50.0,88.0
2025-09-21T19:00:00+02:00,21.9,91,0.9,92,5.9,76.0,21.0,55.0
2025-09-21T20:00:00+02:00,21.3,94,1.7,86,9.1,13.0,3.0,10.0
2025-09-21T21:00:00+02:00,20.4,96,4.5,97,11.4,0.0,0.0,0.0
2025-09-21T22:00:00+02:00,19.8,97,5.4,100,10.8,0.0,0.0,0.0
2025-09-21T23:00:00+02:00,19.8,93,3.8,100,11.5,0.0,0.0,0.0
2025-09-22T00:00:00+02:00,20.6,91,2.5,99,8.3,0.0,0.0,0.0
2025-09-22T01:00:00+02:00,20.5,90,2.3,100,1.8,0.0,0.0,0.0
2025-09-22T02:00:00+02:00,20.5,87,2.0,100,3.1,0.0,0.0,0.0
2025-09-22T03:00:00+02:00,20.0,85,1.1,89,3.1,0.0,0.0,0.0
2025-09-22T04:00:00+02:00,19.6,81,0.2,42,2.4,0.0,0.0,0.0
2025-09-22T05:00:00+02:00,19.1,78,0.0,26,4.2,0.0,0.0,0.0
2025-09-22T06:00:00+02:00,18.4,77,0.0,30,2.3,0.0,0.0,0.0
2025-09-22T07:00:00+02:00,17.8,76,0.0,24,2.3,0.0,0.0,0.0
2025-09-22T08:00:00+02:00,17.3,77,0.0,25,3.0,2.0,0.0,2.0
2025-09-22T09:00:00+02:00,17.8,74,0.1,13,4.5,84.0,45.0,39.0
2025-09-22T10:00:00+02:00,18.7,71,0.1,13,5.8,239.0,164.0,75.0
2025-09-22T11:00:00+02:00,19.6,70,0.0,12,5.0,431.0,338.0,93.0
2025-09-22T12:00:00+02:00,20.5,65,0.1,12,3.4,574.0,460.0,114.0
2025-09-22T13:00:00+02:00,20.9,63,0.1,7,4.5,618.0,495.0,123.0
2025-09-22T14:00:00+02:00,21.6,61,0.0,4,3.6,651.0,494.0,157.0
2025-09-22T15:00:00+02:00,21.9,59,0.1,2,3.9,610.0,453.0,157.0
2025-09-22T16:00:00+02:00,22.0,58,0.0,3,6.8,563.0,439.0,124.0
2025-09-22T17:00:00+02:00,21.8,57,0.1,3,9.2,422.0,289.0,133.0
2025-09-22T18:00:00+02:00,21.4,58,0.0,4,11.2,302.0,201.0,101.0
2025-09-22T19:00:00+02:00,20.8,58,0.0,8,10.8,112.0,50.0,62.0
2025-09-22T20:00:00+02:00,20.4,59,0.1,13,9.2,19.0,6.0,13.0
2025-09-22T21:00:00+02:00,19.5,63,0.0,25,8.1,0.0,0.0,0.0
2025-09-22T22:00:00+02:00,19.2,66,0.0,21,6.9,0.0,0.0,0.0
2025-09-22T23:00:00+02:00,18.8,71,0.0,18,6.7,0.0,0.0,0.0
2025-09-23T00:00:00+02:00,18.5,77,0.1,28,6.1,0.0,0.0,0.0
2025-09-23T01:00:00+02:00,17.9,81,0.1,24,6.0,0.0,0.0,0.0
2025-09-23T02:00:00+02:00,17.1,81,0.1,38,8.0,0.0,0.0,0.0
2025-09-23T03:00:00+02:00,16.6,85,0.1,27,7.6,0.0,0.0,0.0
2025-09-23T04:00:00+02:00,15.9,89,0.1,25,5.8,0.0,0.0,0.0
2025-09-23T05:00:00+02:00,15.7,87,0.3,33,3.3,0.0,0.0,0.0
2025-09-23T06:00:00+02:00,15.6,89,0.0,48,3.3,0.0,0.0,0.0
2025-09-23T07:00:00+02:00,15.5,88,0.1,51,6.2,0.0,0.0,0.0
2025-09-23T08:00:00+02:00,15.3,87,0.3,33,8.1,3.0,1.0,2.0
2025-09-23T09:00:00+02:00,16.5,80,0.1,14,6.3,91.0,54.0,37.0
2025-09-23T10:00:00+02:00,17.7,73,0.0,9,4.0,252.0,177.0,75.0
2025-09-23T11:00:00+02:00,18.4,69,0.0,9,0.4,442.0,345.0,97.0
2025-09-23T12:00:00+02:00,19.7,67,0.0,7,1.3,569.0,455.0,114.0
2025-09-23T13:00:00+02:00,20.1,68,0.0,10,4.6,615.0,461.0,154.0
2025-09-23T14:00:00+02:00,20.6,71,0.0,22,9.5,576.0,408.0,168.0
2025-09-23T15:00:00+02:00,20.2,75,0.1,36,13.1,564.0,378.0,186.0
2025-09-23T16:00:00+02:00,19.7,78,0.4,63,14.5,481.0,321.0,160.0
2025-09-23T17:00:00+02:00,18.4,86,0.6,89,13.0,327.0,202.0,125.0
2025-09-23T18:00:00+02:00,18.1,88,1.0,69,10.9,237.0,144.0,93.0
2025-09-23T19:00:00+02:00,17.0,89,2.2,87,9.3,112.0,58.0,54.0
2025-09-23T20:00:00+02:00,16.6,87,1.3,76,8.8,16.0,4.0,12.0
2025-09-23T21:00:00+02:00,16.7,85,1.6,86,8.4,0.0,0.0,0.0
2025-09-23T22:00:00+02:00,16.8,82,1.0,100,10.0,0.0,0.0,0.0
2025-09-23T23:00:00+02:00,16.5,81,4.5,98,10.1,0.0,0.0,0.0
2025-09-24T00:00:00+02:00,16.1,77,3.3,99,8.0,0.0,0.0,0.0
2025-09-24T01:00:00+02:00,15.9,79,0.7,98,9.4,0.0,0.0,0.0
2025-09-24T02:00:00+02:00,16.1,78,1.7,92,12.2,0.0,0.0,0.0
2025-09-24T03:00:00+02:00,15.8,79,2.2,100,13.4,0.0,0.0,0.0
2025-09-24T04:00:00+02:00,15.3,80,2.5,98,12.4,0.0,0.0,0.0
2025-09-24T05:00:00+02:00,14.8,82,1.5,100,11.9,0.0,0.0,0.0
2025-09-24T06:00:00+02:00,14.8,82,0.7,97,12.0,0.0,0.0,0.0
2025-09-24T07:00:00+02:00,14.4,83,0.2,92,10.5,0.0,0.0,0.0
2025-09-24T08:00:00+02:00,14.2,84,0.2,92,6.8,2.0,0.0,2.0
2025-09-24T09:00:00+02:00,14.9,83,0.4,86,4.0,57.0,21.0,36.0
2025-09-24T10:00:00+02:00,15.9,80,0.1,80,5.1,184.0,79.0,105.0
2025-09-24T11:00:00+02:00,16.8,77,0.0,80,6.7,352.0,198.0,154.0
2025-09-24T12:00:00+02:00,18.1,69,0.0,33,8.3,489.0,331.0,158.0
2025-09-24T13:00:00+02:00,19.1,63,0.0,7,7.8,601.0,438.0,163.0
2025-09-24T14:00:00+02:00,20.0,58,0.0,1,8.6,656.0,515.0,141.0
2025-09-24T15:00:00+02:00,20.4,56,0.0,2,9.7,651.0,477.0,174.0
2025-09-24T16:00:00+02:00,20.7,56,0.0,5,10.1,529.0,363.0,166.0
2025-09-24T17:00:00+02:00,20.3,59,0.0,22,11.6,384.0,254.0,130.0
2025-09-24T18:00:00+02:00,19.8,64,0.0,22,13.9,341.0,260.0,81.0
2025-09-24T19:00:00+02:00,19.3,68,0.0,36,14.6,155.0,101.0,54.0
2025-09-24T20:00:00+02:00,18.4,71,0.0,28,12.3,19.0,8.0,11.0
2025-09-24T21:00:00+02:00,17.7,73,0.0,44,9.9,0.0,0.0,0.0
2025-09-24T22:00:00+02:00,17.3,75,0.0,20,8.1,0.0,0.0,0.0
2025-09-24T23:00:00+02:00,16.8,77,0.0,35,7.5,0.0,0.0,0.0
2025-09-25T00:00:00+02:00,17.3,71,0.1,43,7.9,0.0,0.0,0.0
2025-09-25T01:00:00+02:00,16.9,74,0.1,48,7.3,0.0,0.0,0.0
2025-09-25T02:00:00+02:00,16.9,77,0.1,60,8.8,0.0,0.0,0.0
2025-09-25T03:00:00+02:00,17.0,79,0.0,78,8.2,0.0,0.0,0.0
2025-09-25T04:00:00+02:00,16.8,81,0.0,55,8.2,0.0,0.0,0.0
2025-09-25T05:00:00+02:00,16.2,85,0.1,68,8.4,0.0,0.0,0.0
2025-09-25T06:00:00+02:00,15.8,86,0.2,44,7.3,0.0,0.0,0.0
2025-09-25T07:00:00+02:00,15.5,86,0.3,44,6.7,0.0,0.0,0.0
2025-09-25T08:00:00+02:00,15.5,86,0.4,39,6.1,1.0,0.0,1.0
2025-09-25T09:00:00+02:00,16.4,83,0.2,60,8.1,51.0,18.0,33.0
2025-09-25T10:00:00+02:00,17.7,79,0.3,54,9.6,123.0,49.0,74.0
2025-09-25T11:00:00+02:00,18.5,77,0.4,60,11.2,239.0,108.0,131.0
2025-09-25T12:00:00+02:00,19.0,79,0.3,54,8.4,332.0,186.0,146.0
2025-09-25T13:00:00+02:00,19.1,77,0.6,65,8.8,405.0,246.0,159.0
2025-09-25T14:00:00+02:00,19.2,77,0.3,72,9.6,363.0,170.0,193.0
2025-09-25T15:00:00+02:00,19.3,79,0.2,83,10.8,495.0,322.0,173.0
2025-09-25T16:00:00+02:00,19.2,82,0.1,88,11.6,427.0,297.0,130.0
2025-09-25T17:00:00+02:00,18.9,84,0.1,78,12.4,242.0,110.0,132.0
2025-09-25T18:00:00+02:00,18.7,85,0.1,71,13.0,205.0,109.0,96.0
2025-09-25T19:00:00+02:00,18.4,84,0.1,72,13.0,116.0,65.0,51.0
2025-09-25T20:00:00+02:00,18.4,85,0.2,75,13.1,15.0,6.0,9.0
2025-09-25T21:00:00+02:00,18.2,86,0.2,85,12.0,0.0,0.0,0.0
2025-09-25T22:00:00+02:00,18.3,84,0.1,86,11.5,0.0,0.0,0.0
2025-09-25T23:00:00+02:00,17.6,85,0.1,87,11.5,0.0,0.0,0.0
2025-09-26T00:00:00+02:00,17.6,83,0.0,84,8.2,0.0,0.0,0.0
2025-09-26T01:00:00+02:00,17.4,82,0.1,72,8.5,0.0,0.0,0.0
2025-09-26T02:00:00+02:00,17.4,80,0.1,53,8.6,0.0,0.0,0.0
2025-09-26T03:00:00+02:00,17.2,80,0.2,79,8.3,0.0,0.0,0.0
2025-09-26T04:00:00+02:00,16.9,79,0.2,71,8.0,0.0,0.0,0.0
2025-09-26T05:00:00+02:00,16.5,80,0.1,68,7.6,0.0,0.0,0.0
2025-09-26T06:00:00+02:00,16.1,81,0.2,56,6.4,0.0,0.0,0.0
2025-09-26T07:00:00+02:00,16.3,82,0.4,49,4.9,0.0,0.0,0.0
2025-09-26T08:00:00+02:00,16.9,78,0.3,50,3.9,1.0,0.0,1.0
2025-09-26T09:00:00+02:00,17.3,78,0.1,41,4.3,66.0,29.0,37.0
2025-09-26T10:00:00+02:00,18.6,77,0.1,37,3.8,205.0,119.0,86.0
2025-09-26T11:00:00+02:00,19.9,70,0.2,37,5.2,390.0,284.0,106.0
2025-09-26T12:00:00+02:00,21.2,64,0.1,41,5.9,497.0,378.0,119.0
2025-09-26T13:00:00+02:00,21.3,63,0.1,50,6.0,485.0,320.0,165.0
2025-09-26T14:00:00+02:00,21.8,61,0.0,45,6.8,587.0,444.0,143.0
2025-09-26T15:00:00+02:00,21.9,60,0.0,31,7.1,593.0,452.0,141.0
2025-09-26T16:00:00+02:00,22.1,58,0.0,45,7.4,542.0,410.0,132.0
2025-09-26T17:00:00+02:00,22.2,56,0.0,15,6.6,497.0,407.0,90.0
2025-09-26T18:00:00+02:00,22.0,55,0.0,5,5.7,314.0,222.0,92.0
2025-09-26T19:00:00+02:00,21.4,64,0.0,24,6.1,146.0,93.0,53.0
2025-09-26T20:00:00+02:00,19.6,72,0.0,13,6.3,18.0,8.0,10.0
2025-09-26T21:00:00+02:00,19.0,75,0.1,19,6.8,0.0,0.0,0.0
2025-09-26T22:00:00+02:00,17.8,83,0.2,30,9.5,0.0,0.0,0.0
2025-09-26T23:00:00+02:00,17.3,88,0.1,49,12.4,0.0,0.0,0.0
2025-09-27T00:00:00+02:00,17.1,88,0.0,68,15.1,0.0,0.0,0.0
2025-09-27T01:00:00+02:00,16.5,87,0.0,77,13.7,0.0,0.0,0.0
2025-09-27T02:00:00+02:00,16.4,85,0.0,79,12.0,0.0,0.0,0.0
2025-09-27T03:00:00+02:00,16.6,82,0.0,89,11.2,0.0,0.0,0.0
2025-09-27T04:00:00+02:00,16.8,82,0.0,93,11.1,0.0,0.0,0.0
2025-09-27T05:00:00+02:00,16.7,81,0.0,96,9.9,0.0,0.0,0.0
2025-09-27T06:00:00+02:00,16.6,82,0.0,80,7.7,0.0,0.0,0.0
2025-09-27T07:00:00+02:00,16.9,80,0.0,86,5.8,0.0,0.0,0.0
2025-09-27T08:00:00+02:00,16.7,81,0.0,92,3.9,1.0,0.0,1.0
2025-09-27T09:00:00+02:00,17.6,78,0.0,93,3.2,68.0,30.0,38.0
2025-09-27T10:00:00+02:00,18.7,77,0.1,97,1.2,172.0,91.0,81.0
2025-09-27T11:00:00+02:00,20.0,75,0.2,99,1.2,282.0,105.0,177.0
2025-09-27T12:00:00+02:00,20.6,77,0.2,96,2.4,339.0,159.0,180.0
2025-09-27T13:00:00+02:00,21.2,77,0.1,100,3.3,319.0,98.0,221.0
2025-09-27T14:00:00+02:00,21.4,78,0.3,96,5.7,404.0,125.0,279.0
2025-09-27T15:00:00+02:00,21.6,78,0.1,64,8.3,354.0,89.0,265.0
2025-09-27T16:00:00+02:00,21.6,78,0.0,67,10.5,365.0,131.0,234.0
2025-09-27T17:00:00+02:00,21.9,77,0.0,82,11.6,388.0,244.0,144.0
2025-09-27T18:00:00+02:00,22.0,76,0.0,76,12.2,264.0,160.0,104.0
2025-09-27T19:00:00+02:00,21.6,76,0.0,78,9.7,128.0,69.0,59.0
2025-09-27T20:00:00+02:00,20.6,83,0.0,99,6.3,14.0,6.0,8.0
2025-09-27T21:00:00+02:00,21.5,80,0.0,95,5.8,0.0,0.0,0.0
2025-09-27T22:00:00+02:00,21.4,81,0.0,96,3.1,0.0,0.0,0.0
2025-09-27T23:00:00+02:00,21.3,82,0.0,100,1.4,0.0,0.0,0.0
2025-09-28T00:00:00+02:00,20.8,85,0.0,100,3.3,0.0,0.0,0.0
2025-09-28T01:00:00+02:00,20.5,86,0.0,100,3.3,0.0,0.0,0.0
2025-09-28T02:00:00+02:00,20.6,86,0.0,100,3.9,0.0,0.0,0.0
2025-09-28T03:00:00+02:00,20.4,85,0.0,100,5.5,0.0,0.0,0.0
2025-09-28T04:00:00+02:00,20.3,83,0.0,100,7.1,0.0,0.0,0.0
2025-09-28T05:00:00+02:00,20.1,85,0.0,100,7.8,0.0,0.0,0.0
2025-09-28T06:00:00+02:00,20.3,84,0.0,99,6.5,0.0,0.0,0.0
2025-09-28T07:00:00+02:00,20.2,84,0.0,100,7.3,0.0,0.0,0.0
2025-09-28T08:00:00+02:00,20.2,85,0.0,100,9.1,0.0,0.0,0.0
2025-09-28T09:00:00+02:00,20.0,86,0.0,99,10.6,17.0,0.0,17.0
2025-09-28T10:00:00+02:00,20.4,85,0.0,100,11.7,53.0,0.0,53.0
2025-09-28T11:00:00+02:00,21.3,82,0.0,99,13.5,88.0,4.0,84.0
2025-09-28T12:00:00+02:00,21.6,82,0.0,98,14.4,173.0,27.0,146.0
2025-09-28T13:00:00+02:00,22.1,79,0.0,100,14.4,314.0,127.0,187.0
2025-09-28T14:00:00+02:00,22.6,76,0.0,100,15.4,322.0,136.0,186.0
2025-09-28T15:00:00+02:00,22.5,76,0.0,99,17.1,193.0,6.0,187.0
2025-09-28T16:00:00+02:00,22.4,77,0.0,100,18.3,158.0,0.0,158.0
2025-09-28T17:00:00+02:00,22.3,77,0.0,99,17.8,224.0,61.0,163.0
2025-09-28T18:00:00+02:00,21.9,79,0.0,99,18.2,108.0,1.0,107.0
2025-09-28T19:00:00+02:00,21.4,80,0.0,100,16.8,48.0,0.0,48.0
2025-09-28T20:00:00+02:00,21.1,80,0.0,100,16.3,6.0,0.0,6.0
2025-09-28T21:00:00+02:00,20.9,81,0.0,100,16.8,0.0,0.0,0.0
2025-09-28T22:00:00+02:00,20.5,81,0.0,100,17.7,0.0,0.0,0.0
2025-09-28T23:00:00+02:00,20.1,83,0.0,96,16.4,0.0,0.0,0.0
2025-09-29T00:00:00+02:00,20.0,82,0.0,86,7.7,0.0,0.0,0.0
2025-09-29T01:00:00+02:00,19.6,82,0.0,82,9.1,0.0,0.0,0.0
2025-09-29T02:00:00+02:00,19.5,82,0.0,85,11.2,0.0,0.0,0.0
2025-09-29T03:00:00+02:00,19.0,82,0.0,80,11.4,0.0,0.0,0.0
2025-09-29T04:00:00+02:00,18.7,82,0.0,48,11.9,0.0,0.0,0.0
2025-09-29T05:00:00+02:00,18.0,83,0.0,33,12.1,0.0,0.0,0.0
2025-09-29T06:00:00+02:00,17.9,84,0.0,78,12.3,0.0,0.0,0.0
2025-09-29T07:00:00+02:00,17.8,86,0.0,87,11.8,0.0,0.0,0.0
2025-09-29T08:00:00+02:00,17.6,87,0.0,96,12.0,1.0,0.0,1.0
2025-09-29T09:00:00+02:00,18.0,85,0.0,95,12.1,63.0,24.0,39.0
2025-09-29T10:00:00+02:00,19.5,80,0.0,90,11.9,190.0,97.0,93.0
2025-09-29T11:00:00+02:00,21.1,70,0.0,92,12.5,371.0,245.0,126.0
2025-09-29T12:00:00+02:00,22.0,66,0.0,96,14.8,460.0,311.0,149.0
2025-09-29T13:00:00+02:00,22.5,65,0.0,98,15.3,571.0,412.0,159.0
2025-09-29T14:00:00+02:00,23.1,64,0.0,97,13.1,691.0,555.0,136.0
2025-09-29T15:00:00+02:00,23.3,64,0.0,90,11.7,655.0,501.0,154.0
2025-09-29T16:00:00+02:00,23.4,64,0.0,96,11.6,547.0,386.0,161.0
2025-09-29T17:00:00+02:00,23.2,65,0.0,94,11.0,458.0,326.0,132.0
2025-09-29T18:00:00+02:00,22.5,68,0.0,87,9.3,286.0,183.0,103.0
2025-09-29T19:00:00+02:00,21.6,72,0.0,49,7.2,118.0,61.0,57.0
2025-09-29T20:00:00+02:00,20.3,79,0.0,30,6.2,11.0,3.0,8.0
2025-09-29T21:00:00+02:00,20.0,80,0.0,35,5.3,0.0,0.0,0.0
2025-09-29T22:00:00+02:00,20.2,80,0.0,31,3.7,0.0,0.0,0.0
2025-09-29T23:00:00+02:00,19.7,81,0.0,35,3.9,0.0,0.0,0.0
2025-09-30T00:00:00+02:00,19.1,84,0.0,16,2.0,0.0,0.0,0.0
2025-09-30T01:00:00+02:00,18.7,85,0.0,23,5.3,0.0,0.0,0.0
2025-09-30T02:00:00+02:00,18.5,86,0.0,37,5.9,0.0,0.0,0.0
2025-09-30T03:00:00+02:00,17.9,88,0.0,36,6.8,0.0,0.0,0.0
2025-09-30T04:00:00+02:00,17.9,88,0.0,35,6.2,0.0,0.0,0.0
2025-09-30T05:00:00+02:00,17.5,88,0.0,31,6.0,0.0,0.0,0.0
2025-09-30T06:00:00+02:00,17.2,87,0.0,25,5.0,0.0,0.0,0.0
2025-09-30T07:00:00+02:00,16.9,87,0.0,20,4.7,0.0,0.0,0.0
2025-09-30T08:00:00+02:00,17.1,87,0.0,36,4.6,1.0,0.0,1.0
2025-09-30T09:00:00+02:00,18.7,86,0.0,31,4.9,75.0,43.0,32.0
2025-09-30T10:00:00+02:00,20.5,79,0.0,22,3.3,219.0,147.0,72.0
2025-09-30T11:00:00+02:00,21.9,72,0.0,29,0.6,343.0,248.0,95.0
2025-09-30T12:00:00+02:00,22.8,68,0.0,38,4.2,489.0,369.0,120.0
2025-09-30T13:00:00+02:00,23.4,67,0.0,22,5.2,578.0,456.0,122.0
2025-09-30T14:00:00+02:00,23.7,67,0.0,12,6.2,590.0,431.0,159.0
2025-09-30T15:00:00+02:00,23.6,68,0.1,73,9.2,479.0,330.0,149.0
2025-09-30T16:00:00+02:00,23.6,68,0.0,79,11.4,416.0,296.0,120.0
2025-09-30T17:00:00+02:00,22.7,72,0.3,92,10.8,344.0,239.0,105.0
2025-09-30T18:00:00+02:00,22.1,74,0.0,78,9.5,236.0,141.0,95.0
2025-09-30T19:00:00+02:00,21.3,76,0.0,50,7.5,112.0,69.0,43.0
2025-09-30T20:00:00+02:00,20.7,78,0.0,52,3.5,10.0,3.0,7.0
2025-09-30T21:00:00+02:00,20.7,77,0.0,49,2.1,0.0,0.0,0.0
2025-09-30T22:00:00+02:00,20.6,78,0.0,47,2.1,0.0,0.0,0.0
2025-09-30T23:00:00+02:00,20.2,79,0.0,41,3.7,0.0,0.0,0.0
