event_id,component,original_start,optimized_start,original_end,optimized_end,energy_kwh,original_energy_kwh,optimized_energy_kwh,duration_hours,power_kw,shift_hours,constraint_status,depends_on_event_id,vehicle_id,deadline,availability_start,availability_end,latest_start,coherent_cycle,same_calendar_day
dishwasher_001,dishwasher,2025-08-03T21:00:21.988770+02:00,2025-08-04T00:15:00+02:00,2025-08-03T22:21:38.584836+02:00,2025-08-04T01:36:16.596066+02:00,1.0440193016229502,1.0440193016229502,1.0440193016229502,1.3546100182227114,0.7707157688031383,3.2438920083333334,satisfied,,,2025-08-04T06:30:00+02:00,2025-08-03T21:00:21.988770+02:00,2025-08-04T05:08:43.403934+02:00,2025-08-04T05:08:43.403934+02:00,True,False
dishwasher_002,dishwasher,2025-08-04T20:04:58.210166+02:00,2025-08-05T00:00:00+02:00,2025-08-04T21:13:07.986308+02:00,2025-08-05T01:08:09.776142+02:00,1.1475447925905558,1.1475447925905558,1.1475447925905558,1.1360489283411366,1.0101191629714448,3.9171638427777777,satisfied,,,2025-08-05T06:30:00+02:00,2025-08-04T20:04:58.210166+02:00,2025-08-05T05:21:50.223858+02:00,2025-08-05T05:21:50.223858+02:00,True,False
washer_001,washer,2025-08-04T10:07:57.594381+02:00,2025-08-04T12:00:00+02:00,2025-08-04T11:19:01.038696+02:00,2025-08-04T13:11:03.444315+02:00,0.650158932171868,0.650158932171868,0.650158932171868,1.1842900873963882,0.5489862146876657,1.8673348941666668,satisfied,,,2025-08-04T23:00:00+02:00,2025-08-04T10:07:57.594381+02:00,2025-08-04T21:48:56.555685+02:00,2025-08-04T21:48:56.555685+02:00,True,True
dryer_001,dryer,2025-08-04T11:39:52.525702+02:00,2025-08-04T14:15:00+02:00,2025-08-04T13:04:39.844718+02:00,2025-08-04T15:39:47.319016+02:00,2.3135972959167823,2.3135972959167823,2.3135972959167823,1.4131441710526476,1.637198343459457,2.585409527222222,satisfied,washer_001,,2025-08-04T23:00:00+02:00,2025-08-04T11:19:01.038696+02:00,2025-08-04T21:35:12.680984+02:00,2025-08-04T21:35:12.680984+02:00,True,True
dishwasher_003,dishwasher,2025-08-05T22:54:16.350101+02:00,2025-08-06T02:30:00+02:00,2025-08-05T23:57:42.512979+02:00,2025-08-06T03:33:26.162878+02:00,1.1678161204760542,1.1678161204760542,1.1678161204760542,1.0572674660520551,1.1045607265650565,3.595458305277778,satisfied,,,2025-08-06T06:30:00+02:00,2025-08-05T22:54:16.350101+02:00,2025-08-06T05:26:33.837122+02:00,2025-08-06T05:26:33.837122+02:00,True,False
dishwasher_004,dishwasher,2025-08-06T22:14:35.321879+02:00,2025-08-07T00:15:00+02:00,2025-08-06T23:29:13.387336+02:00,2025-08-07T01:29:38.065457+02:00,1.074371596034923,1.074371596034923,1.074371596034923,1.2439070712664582,0.8637072823623985,2.006855033611111,satisfied,,,2025-08-07T06:30:00+02:00,2025-08-06T22:14:35.321879+02:00,2025-08-07T05:15:21.934543+02:00,2025-08-07T05:15:21.934543+02:00,True,False
dishwasher_005,dishwasher,2025-08-07T22:08:22.338645+02:00,2025-08-08T01:30:00+02:00,2025-08-07T23:58:05.548191+02:00,2025-08-08T03:19:43.209546+02:00,1.0782516997605591,1.0782516997605591,1.0782516997605591,1.8286693182396632,0.5896373330080911,3.3604614875,satisfied,,,2025-08-08T06:30:00+02:00,2025-08-07T22:08:22.338645+02:00,2025-08-08T04:40:16.790454+02:00,2025-08-08T04:40:16.790454+02:00,True,False
dishwasher_006,dishwasher,2025-08-08T22:47:40.152967+02:00,2025-08-09T00:00:00+02:00,2025-08-08T23:51:34.681623+02:00,2025-08-09T01:03:54.528656+02:00,0.8192948401793864,0.8192948401793864,0.8192948401793864,1.0651468490074216,0.7691848696194921,1.2055130647222223,satisfied,,,2025-08-09T06:30:00+02:00,2025-08-08T22:47:40.152967+02:00,2025-08-09T05:26:05.471344+02:00,2025-08-09T05:26:05.471344+02:00,True,False
dishwasher_007,dishwasher,2025-08-09T22:48:20.256070+02:00,2025-08-10T00:15:00+02:00,2025-08-09T23:50:57.011784+02:00,2025-08-10T01:17:36.755714+02:00,1.17247123631254,1.17247123631254,1.17247123631254,1.0435432538304856,1.1235482880166245,1.4443733138888888,satisfied,,,2025-08-10T06:30:00+02:00,2025-08-09T22:48:20.256070+02:00,2025-08-10T05:27:23.244286+02:00,2025-08-10T05:27:23.244286+02:00,True,False
dishwasher_008,dishwasher,2025-08-11T22:56:04.511391+02:00,2025-08-12T00:00:00+02:00,2025-08-12T00:47:19.109548+02:00,2025-08-12T01:51:14.598157+02:00,0.8635731488120799,0.8635731488120799,0.8635731488120799,1.8540550436233387,0.46577535644487555,1.0654135025,satisfied,,,2025-08-12T06:30:00+02:00,2025-08-11T22:56:04.511391+02:00,2025-08-12T04:38:45.401843+02:00,2025-08-12T04:38:45.401843+02:00,True,False
dishwasher_009,dishwasher,2025-08-13T20:52:53.467252+02:00,2025-08-14T02:00:00+02:00,2025-08-13T22:42:52.305183+02:00,2025-08-14T03:49:58.837931+02:00,1.1539708016522412,1.1539708016522412,1.1539708016522412,1.8330105363822191,0.6295494645272542,5.11848131888889,satisfied,,,2025-08-14T06:30:00+02:00,2025-08-13T20:52:53.467252+02:00,2025-08-14T04:40:01.162069+02:00,2025-08-14T04:40:01.162069+02:00,True,False
dishwasher_010,dishwasher,2025-08-14T20:13:34.689985+02:00,2025-08-15T00:30:00+02:00,2025-08-14T21:59:24.181000+02:00,2025-08-15T02:15:49.491015+02:00,1.0708204901095133,1.0708204901095133,1.0708204901095133,1.7637475041404262,0.6071279974008437,4.273697226388888,satisfied,,,2025-08-15T06:30:00+02:00,2025-08-14T20:13:34.689985+02:00,2025-08-15T04:44:10.508985+02:00,2025-08-15T04:44:10.508985+02:00,True,False
dishwasher_011,dishwasher,2025-08-16T20:31:36.175985+02:00,2025-08-17T00:30:00+02:00,2025-08-16T21:44:29.038878+02:00,2025-08-17T01:42:52.862893+02:00,0.9003262117480185,0.9003262117480185,0.9003262117480186,1.2146841370673491,0.7412019176620722,3.973284448611111,satisfied,,,2025-08-17T06:30:00+02:00,2025-08-16T20:31:36.175985+02:00,2025-08-17T05:17:07.137107+02:00,2025-08-17T05:17:07.137107+02:00,True,False
dishwasher_012,dishwasher,2025-08-17T20:54:43.008988+02:00,2025-08-18T00:30:00+02:00,2025-08-17T22:43:11.434944+02:00,2025-08-18T02:18:28.425956+02:00,1.0804756814884586,1.0804756814884586,1.0804756814884586,1.807896098933532,0.5976425758791256,3.588053058888889,satisfied,,,2025-08-18T06:30:00+02:00,2025-08-17T20:54:43.008988+02:00,2025-08-18T04:41:31.574044+02:00,2025-08-18T04:41:31.574044+02:00,True,False
dishwasher_013,dishwasher,2025-08-19T20:27:13.816215+02:00,2025-08-20T00:30:00+02:00,2025-08-19T22:23:57.176848+02:00,2025-08-20T02:26:43.360633+02:00,1.0639532531700098,1.0639532531700098,1.06395325317001,1.9453779535846167,0.546913390896373,4.0461621625,satisfied,,,2025-08-20T06:30:00+02:00,2025-08-19T20:27:13.816215+02:00,2025-08-20T04:33:16.639367+02:00,2025-08-20T04:33:16.639367+02:00,True,False
washer_002,washer,2025-08-19T11:44:03.439974+02:00,2025-08-19T11:44:03.439974+02:00,2025-08-19T13:11:09.139145+02:00,2025-08-19T13:11:09.139145+02:00,0.8843800200646045,0.8843800200646045,0.8843800200646045,1.45158310316001,0.6092520766736412,0.0,satisfied,,,2025-08-19T23:00:00+02:00,2025-08-19T11:44:03.439974+02:00,2025-08-19T21:32:54.300829+02:00,2025-08-19T21:32:54.300829+02:00,True,True
dryer_002,dryer,2025-08-19T13:35:55.322035+02:00,2025-08-19T14:15:00+02:00,2025-08-19T14:55:29.645872+02:00,2025-08-19T15:34:34.323837+02:00,1.8661190197697048,1.8661190197697048,1.8661190197697048,1.326201065730929,1.4071162118552534,0.6512994347222222,satisfied,washer_002,,2025-08-19T23:00:00+02:00,2025-08-19T13:11:09.139145+02:00,2025-08-19T21:40:25.676163+02:00,2025-08-19T21:40:25.676163+02:00,True,True
dishwasher_014,dishwasher,2025-08-23T21:35:33.179570+02:00,2025-08-24T00:30:00+02:00,2025-08-23T22:39:14.590866+02:00,2025-08-24T01:33:41.411296+02:00,0.8989388240529009,0.8989388240529009,0.8989388240529009,1.0615031377125608,0.8468546084470644,2.9074501194444444,satisfied,,,2025-08-24T06:30:00+02:00,2025-08-23T21:35:33.179570+02:00,2025-08-24T05:26:18.588704+02:00,2025-08-24T05:26:18.588704+02:00,True,False
dishwasher_015,dishwasher,2025-08-27T20:52:37.324401+02:00,2025-08-28T00:30:00+02:00,2025-08-27T22:06:40.361924+02:00,2025-08-28T01:44:03.037523+02:00,1.0446405228115552,1.0446405228115552,1.0446405228115552,1.2341770896795046,0.846426766099532,3.6229654441666668,satisfied,,,2025-08-28T06:30:00+02:00,2025-08-27T20:52:37.324401+02:00,2025-08-28T05:15:56.962477+02:00,2025-08-28T05:15:56.962477+02:00,True,False
washer_003,washer,2025-08-28T10:37:16.803920+02:00,2025-08-28T12:15:00+02:00,2025-08-28T11:57:16.541870+02:00,2025-08-28T13:34:59.737950+02:00,0.9954988593460756,0.9954988593460756,0.9954988593460756,1.3332605416426933,0.7466649077602898,1.6286655777777777,satisfied,,,2025-08-28T23:00:00+02:00,2025-08-28T10:37:16.803920+02:00,2025-08-28T21:40:00.262050+02:00,2025-08-28T21:40:00.262050+02:00,True,True
dishwasher_016,dishwasher,2025-08-29T21:22:29.086757+02:00,2025-08-30T00:00:00+02:00,2025-08-29T23:11:38.834927+02:00,2025-08-30T01:49:09.748170+02:00,1.0753140840774085,1.0753140840774085,1.0753140840774085,1.8193744917564565,0.5910350447088445,2.625253678611111,satisfied,,,2025-08-30T06:30:00+02:00,2025-08-29T21:22:29.086757+02:00,2025-08-30T04:40:50.251830+02:00,2025-08-30T04:40:50.251830+02:00,True,False
dishwasher_017,dishwasher,2025-08-30T20:53:40.455901+02:00,2025-08-31T00:15:00+02:00,2025-08-30T22:07:43.550079+02:00,2025-08-31T01:29:03.094178+02:00,1.0719576467843164,1.0719576467843164,1.0719576467843164,1.2341928273492664,0.8685495678066854,3.355428916388889,satisfied,,,2025-08-31T06:30:00+02:00,2025-08-30T20:53:40.455901+02:00,2025-08-31T05:15:56.905822+02:00,2025-08-31T05:15:56.905822+02:00,True,False
dishwasher_018,dishwasher,2025-08-31T20:15:00.669312+02:00,2025-09-01T01:15:00+02:00,2025-08-31T21:47:36.951263+02:00,2025-09-01T02:47:36.281951+02:00,1.1742342128066543,1.1742342128066543,1.1742342128066543,1.5434116531598239,0.7608042937881457,4.999814079999999,satisfied,,,2025-09-01T06:30:00+02:00,2025-08-31T20:15:00.669312+02:00,2025-09-01T04:57:23.718049+02:00,2025-09-01T04:57:23.718049+02:00,True,False
washer_004,washer,2025-09-01T14:02:46.855255+02:00,2025-09-01T16:15:00+02:00,2025-09-01T15:18:10.090554+02:00,2025-09-01T17:30:23.235299+02:00,0.8216475706132025,0.8216475706132025,0.8216475706132025,1.256454249844133,0.6539414950565294,2.2036513180555555,satisfied,,,2025-09-01T23:00:00+02:00,2025-09-01T14:02:46.855255+02:00,2025-09-01T21:44:36.764701+02:00,2025-09-01T21:44:36.764701+02:00,True,True
dishwasher_019,dishwasher,2025-09-03T22:53:57.525669+02:00,2025-09-04T00:00:00+02:00,2025-09-04T00:43:55.305664+02:00,2025-09-04T01:49:57.779995+02:00,0.9192907177456335,0.9192907177456335,0.9192907177456335,1.8327166653844342,0.5016000209463918,1.1006873141666667,satisfied,,,2025-09-04T06:30:00+02:00,2025-09-03T22:53:57.525669+02:00,2025-09-04T04:40:02.220005+02:00,2025-09-04T04:40:02.220005+02:00,True,False
dishwasher_020,dishwasher,2025-09-06T22:45:58.377466+02:00,2025-09-07T00:00:00+02:00,2025-09-07T00:23:47.198907+02:00,2025-09-07T01:37:48.821441+02:00,0.944089199991502,0.944089199991502,0.944089199991502,1.6302281781552725,0.5791147599103648,1.2337840372222222,satisfied,,,2025-09-07T06:30:00+02:00,2025-09-06T22:45:58.377466+02:00,2025-09-07T04:52:11.178559+02:00,2025-09-07T04:52:11.178559+02:00,True,False
dishwasher_021,dishwasher,2025-09-07T21:55:27.432725+02:00,2025-09-08T00:00:00+02:00,2025-09-07T23:32:26.376542+02:00,2025-09-08T01:36:58.943817+02:00,1.1084711368536102,1.1084711368536102,1.10847113685361,1.6163732824027748,0.6857767007914429,2.0757131319444446,satisfied,,,2025-09-08T06:30:00+02:00,2025-09-07T21:55:27.432725+02:00,2025-09-08T04:53:01.056183+02:00,2025-09-08T04:53:01.056183+02:00,True,False
washer_005,washer,2025-09-07T13:32:16.594489+02:00,2025-09-07T13:32:16.594489+02:00,2025-09-07T14:35:10.565175+02:00,2025-09-07T14:35:10.565175+02:00,0.9147361181958042,0.9147361181958042,0.9147361181958042,1.0483251904483815,0.8725690525518713,0.0,satisfied,,,2025-09-07T23:00:00+02:00,2025-09-07T13:32:16.594489+02:00,2025-09-07T21:57:06.029314+02:00,2025-09-07T21:57:06.029314+02:00,True,True
dryer_003,dryer,2025-09-07T14:40:19.381200+02:00,2025-09-07T15:30:00+02:00,2025-09-07T15:53:46.134981+02:00,2025-09-07T16:43:26.753781+02:00,1.5913450174466832,1.5913450174466832,1.5913450174466832,1.2240982723791656,1.3000141029149028,0.8279496666666667,satisfied,washer_005,,2025-09-07T23:00:00+02:00,2025-09-07T14:35:10.565175+02:00,2025-09-07T21:46:33.246219+02:00,2025-09-07T21:46:33.246219+02:00,True,True
dishwasher_022,dishwasher,2025-09-10T20:29:04.751144+02:00,2025-09-11T04:15:00+02:00,2025-09-10T22:01:46.130780+02:00,2025-09-11T05:47:41.379636+02:00,0.8298923165744826,0.8298923165744826,0.8298923165744827,1.5448276767194007,0.5372070484501181,7.765346904444444,satisfied,,,2025-09-11T06:30:00+02:00,2025-09-10T20:29:04.751144+02:00,2025-09-11T04:57:18.620364+02:00,2025-09-11T04:57:18.620364+02:00,True,False
washer_006,washer,2025-09-13T10:50:30.705371+02:00,2025-09-13T13:30:00+02:00,2025-09-13T11:52:02.453321+02:00,2025-09-13T14:31:31.747950+02:00,0.9299722371990001,0.9299722371990001,0.9299722371990002,1.0254855416955049,0.9068604084475086,2.6581373969444444,satisfied,,,2025-09-13T23:00:00+02:00,2025-09-13T10:50:30.705371+02:00,2025-09-13T21:58:28.252050+02:00,2025-09-13T21:58:28.252050+02:00,True,True
dryer_004,dryer,2025-09-13T11:53:07.935827+02:00,2025-09-13T16:15:00+02:00,2025-09-13T12:55:47.717923+02:00,2025-09-13T17:17:39.782096+02:00,2.1792664129587105,2.1792664129587105,2.1792664129587105,1.0443839156426669,2.0866525999854066,4.3644622702777776,satisfied,washer_006,,2025-09-13T23:00:00+02:00,2025-09-13T11:52:02.453321+02:00,2025-09-13T21:57:20.217904+02:00,2025-09-13T21:57:20.217904+02:00,True,True
washer_007,washer,2025-09-14T11:13:44.532421+02:00,2025-09-14T11:13:44.532421+02:00,2025-09-14T12:32:10.573091+02:00,2025-09-14T12:32:10.573091+02:00,0.703303095257436,0.703303095257436,0.703303095257436,1.3072335194229918,0.538008767988042,0.0,satisfied,,,2025-09-14T23:00:00+02:00,2025-09-14T11:13:44.532421+02:00,2025-09-14T21:41:33.959330+02:00,2025-09-14T21:41:33.959330+02:00,True,True
dryer_005,dryer,2025-09-14T13:02:02.607839+02:00,2025-09-14T15:15:00+02:00,2025-09-14T14:27:26.161860+02:00,2025-09-14T16:40:23.554021+02:00,2.3418157289777692,2.3418157289777692,2.3418157289777692,1.4232094502503694,1.645447006107077,2.2159422669444444,satisfied,washer_007,,2025-09-14T23:00:00+02:00,2025-09-14T12:32:10.573091+02:00,2025-09-14T21:34:36.445979+02:00,2025-09-14T21:34:36.445979+02:00,True,True
dishwasher_023,dishwasher,2025-09-15T22:50:02.387187+02:00,2025-09-16T04:30:00+02:00,2025-09-15T23:57:47.245505+02:00,2025-09-16T05:37:44.858318+02:00,1.1052824343370389,1.1052824343370389,1.1052824343370389,1.1291273105928512,0.9788820303679552,5.666003559166667,satisfied,,,2025-09-16T06:30:00+02:00,2025-09-15T22:50:02.387187+02:00,2025-09-16T05:22:15.141682+02:00,2025-09-16T05:22:15.141682+02:00,True,False
dishwasher_024,dishwasher,2025-09-16T22:45:56.043756+02:00,2025-09-17T04:30:00+02:00,2025-09-16T23:55:05.752992+02:00,2025-09-17T05:39:09.709236+02:00,1.0036678489738675,1.0036678489738675,1.0036678489738677,1.1526970100412814,0.870712633268584,5.73443229,satisfied,,,2025-09-17T06:30:00+02:00,2025-09-16T22:45:56.043756+02:00,2025-09-17T05:20:50.290764+02:00,2025-09-17T05:20:50.290764+02:00,True,False
dishwasher_025,dishwasher,2025-09-17T21:33:54.213654+02:00,2025-09-18T00:15:00+02:00,2025-09-17T22:57:27.193349+02:00,2025-09-18T01:38:32.979695+02:00,1.0464494930774961,1.0464494930774961,1.0464494930774961,1.3924943596009407,0.7514928055991453,2.684940651666667,satisfied,,,2025-09-18T06:30:00+02:00,2025-09-17T21:33:54.213654+02:00,2025-09-18T05:06:27.020305+02:00,2025-09-18T05:06:27.020305+02:00,True,False
dishwasher_026,dishwasher,2025-09-19T20:12:49.467780+02:00,2025-09-20T00:30:00+02:00,2025-09-19T22:10:05.265059+02:00,2025-09-20T02:27:15.797279+02:00,1.0588572937104646,1.0588572937104646,1.0588572937104646,1.9543881329178885,0.5417845492796755,4.28625895,satisfied,,,2025-09-20T06:30:00+02:00,2025-09-19T20:12:49.467780+02:00,2025-09-20T04:32:44.202721+02:00,2025-09-20T04:32:44.202721+02:00,True,False
dishwasher_027,dishwasher,2025-09-20T20:09:18.911770+02:00,2025-09-21T01:45:00+02:00,2025-09-20T22:07:26.357708+02:00,2025-09-21T03:43:07.445938+02:00,1.0478931054551546,1.0478931054551546,1.0478931054551546,1.9687349828334515,0.532267224686078,5.594746730555556,satisfied,,,2025-09-21T06:30:00+02:00,2025-09-20T20:09:18.911770+02:00,2025-09-21T04:31:52.554062+02:00,2025-09-21T04:31:52.554062+02:00,True,False
dishwasher_028,dishwasher,2025-09-21T20:25:58.604154+02:00,2025-09-22T00:15:00+02:00,2025-09-21T22:03:19.021966+02:00,2025-09-22T01:52:20.417812+02:00,1.1300861686766828,1.1300861686766828,1.1300861686766828,1.6223382810367895,0.6965786247455601,3.8170544016666663,satisfied,,,2025-09-22T06:30:00+02:00,2025-09-21T20:25:58.604154+02:00,2025-09-22T04:52:39.582188+02:00,2025-09-22T04:52:39.582188+02:00,True,False
dishwasher_029,dishwasher,2025-09-22T22:59:06.837867+02:00,2025-09-23T00:00:00+02:00,2025-09-23T00:35:33.413697+02:00,2025-09-23T01:36:26.575830+02:00,0.9230935741553419,0.9230935741553419,0.9230935741553419,1.6073821749640396,0.5742838190774346,1.0147672591666665,satisfied,,,2025-09-23T06:30:00+02:00,2025-09-22T22:59:06.837867+02:00,2025-09-23T04:53:33.424170+02:00,2025-09-23T04:53:33.424170+02:00,True,False
dishwasher_030,dishwasher,2025-09-24T20:26:17.860458+02:00,2025-09-25T00:15:00+02:00,2025-09-24T21:48:26.373017+02:00,2025-09-25T01:37:08.512559+02:00,0.9177313493080933,0.9177313493080933,0.9177313493080933,1.3690312664741366,0.6703509056236963,3.8117054283333336,satisfied,,,2025-09-25T06:30:00+02:00,2025-09-24T20:26:17.860458+02:00,2025-09-25T05:07:51.487441+02:00,2025-09-25T05:07:51.487441+02:00,True,False
dishwasher_031,dishwasher,2025-09-26T22:44:43.212674+02:00,2025-09-27T00:15:00+02:00,2025-09-27T00:11:57.832141+02:00,2025-09-27T01:42:14.619467+02:00,0.8795107626140861,0.8795107626140861,0.8795107626140861,1.454060963041245,0.6048651225561705,1.504663146111111,satisfied,,,2025-09-27T06:30:00+02:00,2025-09-26T22:44:43.212674+02:00,2025-09-27T05:02:45.380533+02:00,2025-09-27T05:02:45.380533+02:00,True,False
washer_008,washer,2025-09-26T16:48:42.658727+02:00,2025-09-26T16:48:42.658727+02:00,2025-09-26T17:55:14.037261+02:00,2025-09-26T17:55:14.037261+02:00,0.7795343138015329,0.7795343138015329,0.7795343138015329,1.1087162593795017,0.7030963127011441,0.0,satisfied,,,2025-09-26T23:00:00+02:00,2025-09-26T16:48:42.658727+02:00,2025-09-26T21:53:28.621466+02:00,2025-09-26T21:53:28.621466+02:00,True,True
dishwasher_032,dishwasher,2025-09-28T21:02:58.079987+02:00,2025-09-29T00:15:00+02:00,2025-09-28T22:13:45.402885+02:00,2025-09-29T01:25:47.322898+02:00,1.0402388747465687,1.0402388747465687,1.0402388747465687,1.1798119162329146,0.8816989050831118,3.200533336944445,satisfied,,,2025-09-29T06:30:00+02:00,2025-09-28T21:02:58.079987+02:00,2025-09-29T05:19:12.677102+02:00,2025-09-29T05:19:12.677102+02:00,True,False
dishwasher_033,dishwasher,2025-09-29T20:58:39.386827+02:00,2025-09-30T04:15:00+02:00,2025-09-29T22:28:32.809227+02:00,2025-09-30T05:44:53.422400+02:00,1.014531517759173,1.014531517759173,1.0145315177591732,1.4981728889775272,0.6771791995592513,7.272392548055556,satisfied,,,2025-09-30T06:30:00+02:00,2025-09-29T20:58:39.386827+02:00,2025-09-30T05:00:06.577600+02:00,2025-09-30T05:00:06.577600+02:00,True,False
ev1_charge_001,ev1,2025-08-02T18:10:35.084662+02:00,2025-08-02T17:59:10.258910+02:00,2025-08-02T19:20:51.218617+02:00,2025-08-04T08:00:37.562031+02:00,8.666497573980733,8.666497573980733,8.666497611,1.1711483208333333,7.4,-0.19022937555555555,satisfied,,EV1,2025-08-04T08:42:19.402053+02:00,2025-08-02T17:59:10.258910+02:00,2025-08-04T08:42:19.402053+02:00,,False,
ev1_charge_002,ev1,2025-08-04T19:41:58.174417+02:00,2025-08-04T18:43:46.266461+02:00,2025-08-04T21:25:10.800648+02:00,2025-08-05T06:00:00+02:00,12.729287251972469,12.729287251972469,12.729287170000001,1.7201739530555555,7.4,-0.9699744322222222,satisfied,,EV1,2025-08-05T08:36:03.766137+02:00,2025-08-04T18:43:46.266461+02:00,2025-08-05T08:36:03.766137+02:00,,False,
ev1_charge_003,ev1,2025-08-05T18:41:50.773177+02:00,2025-08-05T18:03:13.118637+02:00,2025-08-05T21:48:59.010151+02:00,2025-08-06T05:08:02.279444+02:00,23.080264890264537,23.080264890264537,23.080264890000002,3.1189547149999997,7.4,-0.6437929277777777,satisfied,,EV1,2025-08-06T08:50:13.143454+02:00,2025-08-05T18:03:13.118637+02:00,2025-08-06T08:50:13.143454+02:00,,False,
ev1_charge_004,ev1,2025-08-07T18:59:38.196158+02:00,2025-08-07T18:41:22.902109+02:00,2025-08-07T23:56:01.634863+02:00,2025-08-08T08:00:48.289058+02:00,36.55484622714749,36.55484622714749,36.554846198,4.939844084722222,7.4,-0.30424834694444447,satisfied,,EV1,2025-08-08T08:59:04.187423+02:00,2025-08-07T18:41:22.902109+02:00,2025-08-08T08:59:04.187423+02:00,,False,
ev1_charge_005,ev1,2025-08-08T18:16:22.718294+02:00,2025-08-08T17:25:03.063529+02:00,2025-08-08T19:22:32.041293+02:00,2025-08-09T09:07:38.998341+02:00,8.159163942745737,8.159163942745737,8.159163911,1.1025897219444445,7.4,-0.8554596569444445,satisfied,,EV1,2025-08-09T09:26:48.246925+02:00,2025-08-08T17:25:03.063529+02:00,2025-08-09T09:26:48.246925+02:00,,False,
ev1_charge_006,ev1,2025-08-12T18:34:43.237822+02:00,2025-08-13T00:00:00+02:00,2025-08-12T23:37:14.214111+02:00,2025-08-13T06:00:00+02:00,37.31034014877373,37.31034014877373,37.3103401,5.041937858055555,7.4,5.421322827222222,satisfied,,EV1,2025-08-13T08:53:08.104856+02:00,2025-08-12T18:15:38.586987+02:00,2025-08-13T08:53:08.104856+02:00,,False,
ev1_charge_007,ev1,2025-08-13T17:17:30.996313+02:00,2025-08-13T16:18:07.763403+02:00,2025-08-13T18:33:15.484376+02:00,2025-08-14T05:57:46.566973+02:00,9.341447685302288,9.341447685302288,9.341447721,1.2623577952777778,7.4,-0.9897869194444445,satisfied,,EV1,2025-08-14T08:43:36.641547+02:00,2025-08-13T16:18:07.763403+02:00,2025-08-14T08:43:36.641547+02:00,,False,
ev1_charge_008,ev1,2025-08-14T19:24:50.559784+02:00,2025-08-15T11:00:00+02:00,2025-08-14T20:40:14.191569+02:00,2025-08-16T01:29:44.422751+02:00,9.298576446601814,9.298576446601814,9.298576471,1.256564384722222,7.4,15.585955615555557,satisfied,,EV1,2025-08-16T11:01:00.617618+02:00,2025-08-14T18:25:55.075684+02:00,2025-08-16T11:01:00.617618+02:00,,False,
ev1_charge_009,ev1,2025-08-17T19:48:32.394967+02:00,2025-08-18T11:00:00+02:00,2025-08-17T22:55:18.061404+02:00,2025-08-19T04:00:00+02:00,23.03386989862718,23.03386989862718,23.033869890000002,3.1126851213888886,7.4,15.191001398055555,satisfied,,EV1,2025-08-19T08:31:59.533546+02:00,2025-08-17T19:30:04.542183+02:00,2025-08-19T08:31:59.533546+02:00,,False,
ev1_charge_010,ev1,2025-08-19T18:35:49.948576+02:00,2025-08-20T00:00:00+02:00,2025-08-19T20:41:34.714435+02:00,2025-08-20T08:00:17.883652+02:00,15.508685376384765,15.508685376384765,15.508685381000001,2.0957682941666667,7.4,5.402792062222223,satisfied,,EV1,2025-08-20T08:58:33.934141+02:00,2025-08-19T18:06:11.213058+02:00,2025-08-20T08:58:33.934141+02:00,,False,
ev1_charge_011,ev1,2025-08-20T19:18:42.095939+02:00,2025-08-20T18:59:11.901815+02:00,2025-08-20T20:10:52.066250+02:00,2025-08-21T08:00:16.107977+02:00,6.433827862208331,6.433827862208331,6.433827832,0.8694361975,7.4,-0.3250539233333334,satisfied,,EV1,2025-08-21T08:53:54.000448+02:00,2025-08-20T18:59:11.901815+02:00,2025-08-21T08:53:54.000448+02:00,,False,
ev1_charge_012,ev1,2025-08-21T19:04:24.269015+02:00,2025-08-21T18:30:19.119842+02:00,2025-08-21T20:03:50.998591+02:00,2025-08-22T00:45:29.890459+02:00,7.331610796010333,7.331610796010333,7.33161087,0.9907582155555557,7.4,-0.5680969925,satisfied,,EV1,2025-08-22T06:53:19.500691+02:00,2025-08-21T18:30:19.119842+02:00,2025-08-22T06:53:19.500691+02:00,,False,
ev1_charge_013,ev1,2025-08-22T22:00:41.666490+02:00,2025-08-23T00:00:00+02:00,2025-08-22T23:36:35.533790+02:00,2025-08-23T10:05:25.551595+02:00,11.827393895281535,11.827393895281535,11.82739389,1.5982964722222222,7.4,1.9884259750000002,satisfied,,EV1,2025-08-23T10:05:25.551596+02:00,2025-08-22T21:08:51.759952+02:00,2025-08-23T10:05:25.551596+02:00,,False,
ev1_charge_014,ev1,2025-08-23T16:02:23.578251+02:00,2025-08-23T15:15:21.368047+02:00,2025-08-23T18:21:01.161094+02:00,2025-08-25T00:03:46.435106+02:00,17.097253621001556,17.097253621001556,17.0972537,2.310439678611111,7.4,-0.7839472788888889,satisfied,,EV1,2025-08-25T06:46:47.208602+02:00,2025-08-23T15:15:21.368047+02:00,2025-08-25T06:46:47.208602+02:00,,False,
ev1_charge_015,ev1,2025-08-26T11:53:37.096519+02:00,2025-08-26T11:48:27.498356+02:00,2025-08-26T17:16:34.572012+02:00,2025-08-27T06:00:00+02:00,39.831477402340056,39.831477402340056,39.83147737,5.3826320813888895,7.4,-0.08599948972222222,satisfied,,EV1,2025-08-27T08:58:49.073671+02:00,2025-08-26T11:48:27.498356+02:00,2025-08-27T08:58:49.073671+02:00,,False,
ev1_charge_016,ev1,2025-08-27T17:08:10.819433+02:00,2025-08-28T10:00:00+02:00,2025-08-27T19:52:08.540284+02:00,2025-08-29T17:07:52.905739+02:00,20.221981748571984,20.221981748571984,20.221981779,2.732700236388889,7.4,16.86366126861111,satisfied,,EV1,2025-08-30T11:57:14.019967+02:00,2025-08-27T17:04:06.562994+02:00,2025-08-30T11:57:14.019967+02:00,,False,
ev1_charge_017,ev1,2025-09-04T18:57:03.377387+02:00,2025-09-05T10:00:00+02:00,2025-09-04T19:50:35.598974+02:00,2025-09-05T18:06:38.249421+02:00,6.6028999285913175,6.6028999285913175,6.60289988,0.8922837741666667,7.4,15.049061836944444,satisfied,,EV1,2025-09-06T09:38:13.834777+02:00,2025-09-04T18:48:13.239141+02:00,2025-09-06T09:38:13.834777+02:00,,False,
ev1_charge_018,ev1,2025-09-09T19:56:22.088184+02:00,2025-09-09T18:57:10.704449+02:00,2025-09-09T21:37:44.537013+02:00,2025-09-10T04:26:31.787578+02:00,12.50281148165299,12.50281148165299,12.50281148,1.6895691191666666,7.4,-0.9864954819444444,satisfied,,EV1,2025-09-10T08:55:19.716250+02:00,2025-09-09T18:57:10.704449+02:00,2025-09-10T08:55:19.716250+02:00,,False,
ev1_charge_019,ev1,2025-09-10T19:17:16.930363+02:00,2025-09-10T19:00:00+02:00,2025-09-10T22:20:46.452067+02:00,2025-09-11T04:02:29.708501+02:00,22.630683503274483,22.630683503274483,22.63068351,3.0582004733333337,7.4,-0.28803621194444445,satisfied,,EV1,2025-09-11T08:35:31.392500+02:00,2025-09-10T18:31:02.852772+02:00,2025-09-11T08:35:31.392500+02:00,,False,
ev1_charge_020,ev1,2025-09-11T19:25:29.680641+02:00,2025-09-11T18:40:07.633937+02:00,2025-09-11T20:22:08.512772+02:00,2025-09-12T00:50:00.208281+02:00,6.986488269448978,6.986488269448978,6.98648825,0.944120036388889,7.4,-0.7561240844444445,satisfied,,EV1,2025-09-12T08:48:24.994743+02:00,2025-09-11T18:40:07.633937+02:00,2025-09-12T08:48:24.994743+02:00,,False,
ev1_charge_021,ev1,2025-09-12T16:42:43.005900+02:00,2025-09-12T16:36:49.964168+02:00,2025-09-12T19:56:46.169118+02:00,2025-09-15T03:05:29.725795+02:00,23.933168837293053,23.933168837293053,23.933168779,3.234212005,7.4,-0.09806714777777778,satisfied,,EV1,2025-09-15T08:50:39.418799+02:00,2025-09-12T16:36:49.964168+02:00,2025-09-15T08:50:39.418799+02:00,,False,
ev1_charge_022,ev1,2025-09-15T17:38:56.037846+02:00,2025-09-16T00:00:00+02:00,2025-09-15T19:20:19.721749+02:00,2025-09-16T03:38:06.057405+02:00,12.505350245850801,12.505350245850801,12.50535029,1.6899121952777778,7.4,6.351100598333334,satisfied,,EV1,2025-09-16T08:36:51.693304+02:00,2025-09-15T16:51:35.984544+02:00,2025-09-16T08:36:51.693304+02:00,,False,
ev1_charge_023,ev1,2025-09-16T18:43:35.387475+02:00,2025-09-17T01:00:00+02:00,2025-09-16T20:14:01.176029+02:00,2025-09-17T16:07:28.245185+02:00,11.15300980505382,11.15300980505382,11.153009820000001,1.5071634872222222,7.4,6.273503479166667,satisfied,,EV1,2025-09-18T08:42:06.772347+02:00,2025-09-16T17:44:57.654573+02:00,2025-09-18T08:42:06.772347+02:00,,False,
ev1_charge_024,ev1,2025-09-18T18:22:06.831726+02:00,2025-09-19T01:00:00+02:00,2025-09-18T20:31:14.160476+02:00,2025-09-19T03:09:07.328773+02:00,15.925064652014385,15.925064652014385,15.9250647,2.1520357638888887,7.4,6.631435631666666,satisfied,,EV1,2025-09-19T08:48:36.315329+02:00,2025-09-18T18:18:20.156890+02:00,2025-09-19T08:48:36.315329+02:00,,False,
ev1_charge_025,ev1,2025-09-19T18:59:42.327684+02:00,2025-09-20T00:00:00+02:00,2025-09-19T20:06:38.777396+02:00,2025-09-20T11:06:56.449712+02:00,8.256035519130979,8.256035519130979,8.256035520000001,1.1156804755555556,7.4,5.004908976666667,satisfied,,EV1,2025-09-20T12:59:00.246102+02:00,2025-09-19T18:26:22.388235+02:00,2025-09-20T12:59:00.246102+02:00,,False,
ev1_charge_026,ev1,2025-09-20T16:40:29.817707+02:00,2025-09-21T00:00:00+02:00,2025-09-20T21:38:52.447683+02:00,2025-09-22T03:00:00+02:00,36.799850506373886,36.799850506373886,36.7998505,4.972952771111111,7.4,7.325050636944445,satisfied,,EV1,2025-09-22T08:49:03.661655+02:00,2025-09-20T16:39:21.845384+02:00,2025-09-22T08:49:03.661655+02:00,,False,
ev1_charge_027,ev1,2025-09-22T19:03:51.228466+02:00,2025-09-22T18:42:26.824014+02:00,2025-09-23T00:25:43.450074+02:00,2025-09-24T05:00:00+02:00,39.69734441741916,39.69734441741916,39.69734449,5.364506002222222,7.4,-0.35677901444444443,satisfied,,EV1,2025-09-24T08:37:23.836443+02:00,2025-09-22T18:42:26.824014+02:00,2025-09-24T08:37:23.836443+02:00,,False,
ev1_charge_028,ev1,2025-09-24T16:57:56.524278+02:00,2025-09-24T16:19:48.386380+02:00,2025-09-24T18:14:56.357718+02:00,2025-09-25T03:49:02.446232+02:00,9.496324293359299,9.496324293359299,9.49632434,1.2832870666666667,7.4,-0.6355938605555556,satisfied,,EV1,2025-09-25T08:42:39.100172+02:00,2025-09-24T16:19:48.386380+02:00,2025-09-25T08:42:39.100172+02:00,,False,
ev1_charge_029,ev1,2025-09-27T18:48:20.608609+02:00,2025-09-28T01:00:00+02:00,2025-09-27T23:14:37.447015+02:00,2025-09-28T11:21:08.442535+02:00,32.841278945938804,32.841278945938804,32.84127889,4.438010668333334,7.4,6.194275386388889,satisfied,,EV1,2025-09-28T11:39:35.765429+02:00,2025-09-27T18:23:55.458892+02:00,2025-09-28T11:39:35.765429+02:00,,False,
ev1_charge_030,ev1,2025-09-28T20:47:43.910693+02:00,2025-09-29T10:00:00+02:00,2025-09-28T23:01:47.848575+02:00,2025-09-30T18:06:20.882077+02:00,16.534761202056387,16.534761202056387,16.53476125,2.2344271894444443,7.4,13.204469251944445,satisfied,,EV1,,2025-09-28T20:10:12.365374+02:00,,,False,
ev2_charge_001,ev2,2025-08-01T17:41:26.620176+02:00,2025-08-01T16:52:55.096113+02:00,2025-08-01T19:18:04.585104+02:00,2025-08-02T17:09:30.505038+02:00,11.918039019335955,11.918039019335955,11.918039025999999,1.6105458133333335,7.4,-0.8087566841666666,satisfied,,EV2,2025-08-04T08:38:05.747241+02:00,2025-08-01T16:52:55.096113+02:00,2025-08-04T08:38:05.747241+02:00,,False,
ev2_charge_002,ev2,2025-08-04T18:55:13.558680+02:00,2025-08-05T00:00:00+02:00,2025-08-04T23:02:20.698937+02:00,2025-08-05T08:00:36.613382+02:00,30.478010527657588,30.478010527657588,30.478010541,4.118650071388888,7.4,5.079567033333333,satisfied,,EV2,2025-08-05T08:46:24.533651+02:00,2025-08-04T18:22:33.725524+02:00,2025-08-05T08:46:24.533651+02:00,,False,
ev2_charge_003,ev2,2025-08-05T16:30:54.592753+02:00,2025-08-05T16:25:09.814397+02:00,2025-08-05T18:03:45.891837+02:00,2025-08-06T06:00:00+02:00,11.45211478366289,11.45211478366289,11.45211476,1.547583078888889,7.4,-0.09577176555555555,satisfied,,EV2,2025-08-06T08:48:08.484573+02:00,2025-08-05T16:25:09.814397+02:00,2025-08-06T08:48:08.484573+02:00,,False,
ev2_charge_004,ev2,2025-08-06T18:28:47.293941+02:00,2025-08-07T09:00:00+02:00,2025-08-06T19:48:34.758157+02:00,2025-08-10T17:00:38.928017+02:00,9.8408986662848,9.8408986662848,9.840898713,1.3298511711111112,7.4,14.520196127499998,satisfied,,EV2,2025-08-11T08:35:45.503852+02:00,2025-08-06T17:32:02.152096+02:00,2025-08-11T08:35:45.503852+02:00,,False,
ev2_charge_005,ev2,2025-08-12T18:22:36.317663+02:00,2025-08-12T17:54:56.245327+02:00,2025-08-12T19:51:19.224420+02:00,2025-08-13T08:00:00.046772+02:00,10.941530556683116,10.941530556683116,10.941530578358,1.4785852102777777,7.4,-0.46113120444444444,satisfied,,EV2,2025-08-13T08:30:00.238813+02:00,2025-08-12T17:54:56.245327+02:00,2025-08-13T08:30:00.238813+02:00,,False,
ev2_charge_006,ev2,2025-08-13T18:20:59.116720+02:00,2025-08-14T01:00:00+02:00,2025-08-13T19:27:01.921498+02:00,2025-08-14T05:06:02.804779+02:00,8.145765377133591,8.145765377133591,8.14576538,1.100779105,7.4,6.650245355555555,satisfied,,EV2,2025-08-14T08:37:27.208639+02:00,2025-08-13T18:10:01.071428+02:00,2025-08-14T08:37:27.208639+02:00,,False,
ev2_charge_007,ev2,2025-08-14T17:44:28.570878+02:00,2025-08-14T17:26:18.071214+02:00,2025-08-14T18:48:14.050810+02:00,2025-08-16T16:03:44.996750+02:00,7.863486526317863,7.863486526317863,7.8634865199999995,1.0626333144444444,7.4,-0.3029165733333333,satisfied,,EV2,2025-08-17T10:45:09.467810+02:00,2025-08-14T17:26:18.071214+02:00,2025-08-17T10:45:09.467810+02:00,,False,
ev2_charge_008,ev2,2025-08-17T17:36:14.322939+02:00,2025-08-19T01:00:00+02:00,2025-08-17T19:47:02.947947+02:00,2025-08-20T00:12:03.369989+02:00,16.133284738221963,16.133284738221963,16.13328474,2.1801736133333334,7.4,31.39602140583333,satisfied,,EV2,2025-08-20T08:57:49.175705+02:00,2025-08-17T17:10:13.889450+02:00,2025-08-20T08:57:49.175705+02:00,,False,
ev2_charge_009,ev2,2025-08-20T18:03:01.815438+02:00,2025-08-20T17:59:46.003320+02:00,2025-08-20T18:59:04.522549+02:00,2025-08-21T02:42:49.473973+02:00,6.912231282763944,6.912231282763944,6.912231322999999,0.9340853086111112,7.4,-0.054392255,satisfied,,EV2,2025-08-21T08:31:09.599923+02:00,2025-08-20T17:59:46.003320+02:00,2025-08-21T08:31:09.599923+02:00,,False,
ev2_charge_010,ev2,2025-08-22T21:53:11.567849+02:00,2025-08-25T11:00:00+02:00,2025-08-22T23:14:59.910961+02:00,2025-08-28T19:01:53.855814+02:00,10.089371952051476,10.089371952051476,10.089371959,1.3634286422222222,7.4,61.11345337527777,satisfied,,EV2,2025-08-30T13:32:36.569315+02:00,2025-08-22T21:08:51.759952+02:00,2025-08-30T13:32:36.569315+02:00,,False,
ev2_charge_011,ev2,2025-08-30T16:01:34.103501+02:00,2025-08-30T15:47:14.998404+02:00,2025-08-30T17:46:46.422319+02:00,2025-09-03T15:11:31.739124+02:00,12.97532201419381,12.97532201419381,12.975322061,1.7534218938888888,7.4,-0.23864030472222222,satisfied,,EV2,2025-09-04T08:47:56.907745+02:00,2025-08-30T15:47:14.998404+02:00,2025-09-04T08:47:56.907745+02:00,,False,
ev2_charge_012,ev2,2025-09-08T17:48:21.912992+02:00,2025-09-08T17:22:05.388476+02:00,2025-09-08T21:06:22.211746+02:00,2025-09-09T04:00:00+02:00,24.420614106114634,24.420614106114634,24.42061417,3.300082987222222,7.4,-0.43792347666666664,satisfied,,EV2,2025-09-09T08:36:22.832210+02:00,2025-09-08T17:22:05.388476+02:00,2025-09-09T08:36:22.832210+02:00,,False,
ev2_charge_013,ev2,2025-09-09T17:17:51.940121+02:00,2025-09-09T16:39:29.823494+02:00,2025-09-09T19:06:43.319263+02:00,2025-09-10T04:48:39.113514+02:00,13.425612681124711,13.425612681124711,13.42561275,1.8142719838888888,7.4,-0.6394768408333333,satisfied,,EV2,2025-09-10T08:54:28.180842+02:00,2025-09-09T16:39:29.823494+02:00,2025-09-10T08:54:28.180842+02:00,,False,
ev2_charge_014,ev2,2025-09-10T17:57:38.653871+02:00,2025-09-10T17:16:59.637195+02:00,2025-09-10T19:31:59.764511+02:00,2025-09-11T06:00:00+02:00,11.6367274264433,11.6367274264433,11.63672749,1.5725307333333334,7.4,-0.6775046322222222,satisfied,,EV2,2025-09-11T08:35:45.340760+02:00,2025-09-10T17:16:59.637195+02:00,2025-09-11T08:35:45.340760+02:00,,False,
ev2_charge_015,ev2,2025-09-11T18:25:59.759708+02:00,2025-09-12T00:00:00+02:00,2025-09-11T20:23:27.345703+02:00,2025-09-12T04:39:23.043600+02:00,14.486704546110708,14.486704546110708,14.4867046,1.957662776388889,7.4,5.566733414444444,satisfied,,EV2,2025-09-12T08:31:52.980690+02:00,2025-09-11T18:21:01.678360+02:00,2025-09-12T08:31:52.980690+02:00,,False,
ev2_charge_016,ev2,2025-09-12T19:12:10.448341+02:00,2025-09-13T00:00:00+02:00,2025-09-12T20:48:27.224769+02:00,2025-09-13T17:04:12.212998+02:00,11.874484879917908,11.874484879917908,11.87448487,1.604660118888889,7.4,4.797097683055556,satisfied,,EV2,2025-09-14T13:22:33.080447+02:00,2025-09-12T18:54:56.081784+02:00,2025-09-14T13:22:33.080447+02:00,,False,
ev2_charge_017,ev2,2025-09-15T18:51:31.868512+02:00,2025-09-16T00:00:00+02:00,2025-09-15T20:04:23.081231+02:00,2025-09-16T01:12:51.212724+02:00,8.985270588712595,8.985270588712595,8.9852706,1.2142257552777778,7.4,5.141147635555555,satisfied,,EV2,2025-09-16T08:53:14.154912+02:00,2025-09-15T18:07:56.683722+02:00,2025-09-16T08:53:14.154912+02:00,,False,
ev2_charge_018,ev2,2025-09-16T16:59:24.276821+02:00,2025-09-16T16:20:34.126356+02:00,2025-09-16T20:00:03.423959+02:00,2025-09-17T06:00:00+02:00,22.28046911686311,22.28046911686311,22.28046909,3.010874205,7.4,-0.6472640180555556,satisfied,,EV2,2025-09-18T08:36:00.844921+02:00,2025-09-16T16:20:34.126356+02:00,2025-09-18T08:36:00.844921+02:00,,False,
ev2_charge_019,ev2,2025-09-18T17:27:27.470435+02:00,2025-09-18T16:40:33.861096+02:00,2025-09-18T18:48:44.963896+02:00,2025-09-20T11:05:07.842976+02:00,10.025958781250853,10.025958781250853,10.0259589,1.3548592947222222,7.4,-0.7815581497222223,satisfied,,EV2,2025-09-20T13:06:12.987403+02:00,2025-09-18T16:40:33.861096+02:00,2025-09-20T13:06:12.987403+02:00,,False,
ev2_charge_020,ev2,2025-09-20T17:08:37.254499+02:00,2025-09-21T05:00:00+02:00,2025-09-20T20:15:04.129436+02:00,2025-09-22T05:56:46.229270+02:00,22.995242925279797,22.995242925279797,22.995242864,3.107465260277778,7.4,11.856318194722222,satisfied,,EV2,2025-09-22T08:35:14.551194+02:00,2025-09-20T16:20:15.446813+02:00,2025-09-22T08:35:14.551194+02:00,,False,
ev2_charge_021,ev2,2025-09-22T16:38:45.960131+02:00,2025-09-22T16:00:32.792299+02:00,2025-09-22T19:24:16.102882+02:00,2025-09-24T04:00:13.166411+02:00,20.41196009986556,20.41196009986556,20.411960190000002,2.758372986388889,7.4,-0.6369910644444444,satisfied,,EV2,2025-09-24T08:56:08.329669+02:00,2025-09-22T16:00:32.792299+02:00,2025-09-24T08:56:08.329669+02:00,,False,
ev2_charge_022,ev2,2025-09-24T17:48:29.544336+02:00,2025-09-25T00:00:00+02:00,2025-09-24T18:53:41.245256+02:00,2025-09-25T03:05:11.700921+02:00,8.040718558441528,8.040718558441528,8.04071856,1.0865835888888888,7.4,6.19179324,satisfied,,EV2,2025-09-25T08:55:04.403919+02:00,2025-09-24T17:24:13.225846+02:00,2025-09-25T08:55:04.403919+02:00,,False,
ev2_charge_023,ev2,2025-09-25T19:10:54.191072+02:00,2025-09-26T00:00:00+02:00,2025-09-25T22:22:38.290380+02:00,2025-09-26T04:00:00+02:00,23.64731524480228,23.64731524480228,23.6473152,3.1955831411111113,7.4,4.8182802577777775,satisfied,,EV2,2025-09-26T08:37:44.506881+02:00,2025-09-25T18:47:32.889163+02:00,2025-09-26T08:37:44.506881+02:00,,False,
ev2_charge_024,ev2,2025-09-26T17:40:54.296071+02:00,2025-09-28T12:00:00+02:00,2025-09-26T18:43:44.807056+02:00,2025-09-28T17:07:16.215303+02:00,7.750494801768923,7.750494801768923,7.75049479,1.0473641624999999,7.4,42.318251091388895,satisfied,,EV2,2025-09-29T08:30:25.152417+02:00,2025-09-26T17:05:57.608007+02:00,2025-09-29T08:30:25.152417+02:00,,False,
ev2_charge_025,ev2,2025-09-29T16:13:47.032068+02:00,2025-09-29T16:04:38.458177+02:00,2025-09-29T17:32:01.034581+02:00,2025-09-30T16:14:21.732681+02:00,9.648782942523333,9.648782942523333,9.6487829,1.3038895869444445,7.4,-0.15238163638888888,satisfied,,EV2,2025-09-30T19:46:45.530505+02:00,2025-09-29T16:04:38.458177+02:00,2025-09-30T19:46:45.530505+02:00,,False,
ev2_charge_026,ev2,2025-10-01T00:24:50.006264+02:00,2025-10-01T00:24:50.006264+02:00,2025-10-01T01:38:05.744164+02:00,2025-10-01T01:38:05.744164+02:00,9.03568346054879,9.03568346054879,0.0,1.2210383055555556,7.4,0.0,boundary_outside_window,,EV2,,2025-10-01T00:00:00+02:00,,,False,
pool_circulation_2025-08-01,pool_circulation,2025-08-01T08:36:21.571533+02:00,2025-08-01T08:00:00+02:00,2025-08-01T19:37:32.731205+02:00,2025-08-01T17:13:15.034439+02:00,7.0871282362397885,7.0871282362397885,7.08712825,8.048704753145596,0.880530278,-0.6059920925,satisfied,,,2025-08-01T23:59:00+02:00,2025-08-01T00:00:00+02:00,2025-08-01T23:59:00+02:00,,False,True
pool_circulation_2025-08-02,pool_circulation,2025-08-02T08:15:04.446863+02:00,2025-08-02T08:00:00+02:00,2025-08-02T16:23:01.670934+02:00,2025-08-02T17:02:18.247630+02:00,7.16096729422481,7.16096729422481,7.16096731,8.13256224198471,0.880530278,-0.2512352397222222,satisfied,,,2025-08-02T23:59:00+02:00,2025-08-02T00:00:00+02:00,2025-08-02T23:59:00+02:00,,False,True
pool_circulation_2025-08-03,pool_circulation,2025-08-03T06:40:11.787781+02:00,2025-08-03T00:00:00+02:00,2025-08-03T17:45:59.168911+02:00,2025-08-03T17:00:00.000008+02:00,6.942659810994849,6.942659810994849,6.942659831,7.884634954746501,0.880530278,-6.669941050277777,satisfied,,,2025-08-03T23:59:00+02:00,2025-08-03T00:00:00+02:00,2025-08-03T23:59:00+02:00,,False,True
pool_circulation_2025-08-04,pool_circulation,2025-08-04T08:05:49.986037+02:00,2025-08-04T09:00:00+02:00,2025-08-04T19:35:47.637334+02:00,2025-08-04T17:00:00.000008+02:00,6.146749014031686,6.146749014031686,6.14674903,6.980735547107708,0.880530278,0.9027816563888889,satisfied,,,2025-08-04T23:59:00+02:00,2025-08-04T00:00:00+02:00,2025-08-04T23:59:00+02:00,,False,True
pool_circulation_2025-08-05,pool_circulation,2025-08-05T08:50:19.940652+02:00,2025-08-05T09:00:00+02:00,2025-08-05T19:16:24.292083+02:00,2025-08-05T17:50:26.888186+02:00,6.90406380354499,6.90406380354499,6.90406382,7.8408022684652465,0.880530278,0.16112759666666668,satisfied,,,2025-08-05T23:59:00+02:00,2025-08-05T00:00:00+02:00,2025-08-05T23:59:00+02:00,,False,True
pool_circulation_2025-08-06,pool_circulation,2025-08-06T07:38:51.278183+02:00,2025-08-06T00:00:00+02:00,2025-08-06T20:34:34.805300+02:00,2025-08-06T16:13:31.652907+02:00,6.609330861713392,6.609330861713392,6.609330874,7.5060801707757605,0.880530278,-7.647577273055555,satisfied,,,2025-08-06T23:59:00+02:00,2025-08-06T00:00:00+02:00,2025-08-06T23:59:00+02:00,,False,True
pool_circulation_2025-08-07,pool_circulation,2025-08-07T10:31:00.576929+02:00,2025-08-07T08:00:00+02:00,2025-08-07T19:37:58.919980+02:00,2025-08-07T18:01:18.753345+02:00,8.02709576105063,8.02709576105063,8.027095779,9.11620640297627,0.880530278,-2.5168269247222224,satisfied,,,2025-08-07T23:59:00+02:00,2025-08-07T00:00:00+02:00,2025-08-07T23:59:00+02:00,,False,True
pool_circulation_2025-08-08,pool_circulation,2025-08-08T07:52:31.795053+02:00,2025-08-08T09:00:00+02:00,2025-08-08T18:24:32.387621+02:00,2025-08-08T17:00:00.000008+02:00,6.027785424300177,6.027785424300177,6.02778543,6.84563106215891,0.880530278,1.1245013741666667,satisfied,,,2025-08-08T23:59:00+02:00,2025-08-08T00:00:00+02:00,2025-08-08T23:59:00+02:00,,False,True
pool_circulation_2025-08-09,pool_circulation,2025-08-09T06:08:22.556905+02:00,2025-08-09T10:00:00+02:00,2025-08-09T20:11:26.999580+02:00,2025-08-09T18:00:00.000008+02:00,5.561216390662632,5.561216390662632,5.5612164,6.315758273981242,0.880530278,3.8604008597222226,satisfied,,,2025-08-09T23:59:00+02:00,2025-08-09T00:00:00+02:00,2025-08-09T23:59:00+02:00,,False,True
pool_circulation_2025-08-10,pool_circulation,2025-08-10T07:00:08.668516+02:00,2025-08-10T00:00:00+02:00,2025-08-10T20:37:45.661567+02:00,2025-08-10T18:00:00.000008+02:00,8.062036614146688,8.062036614146688,8.06203663,9.155888006161485,0.880530278,-7.002407921111112,satisfied,,,2025-08-10T23:59:00+02:00,2025-08-10T00:00:00+02:00,2025-08-10T23:59:00+02:00,,False,True
pool_circulation_2025-08-11,pool_circulation,2025-08-11T08:37:56.499082+02:00,2025-08-11T05:00:00+02:00,2025-08-11T20:24:28.489094+02:00,2025-08-11T18:05:19.218359+02:00,7.425946372634535,7.425946372634535,7.425946385,8.433493493231838,0.880530278,-3.632360856111111,satisfied,,,2025-08-11T23:59:00+02:00,2025-08-11T00:00:00+02:00,2025-08-11T23:59:00+02:00,,False,True
pool_circulation_2025-08-12,pool_circulation,2025-08-12T09:45:28.274788+02:00,2025-08-12T00:00:00+02:00,2025-08-12T19:38:03.519022+02:00,2025-08-12T17:00:00.000008+02:00,8.69651919464179,8.69651919464179,8.69651921,9.87645673177107,0.880530278,-9.757854107777778,satisfied,,,2025-08-12T23:59:00+02:00,2025-08-12T00:00:00+02:00,2025-08-12T23:59:00+02:00,,False,True
pool_circulation_2025-08-13,pool_circulation,2025-08-13T08:50:08.781400+02:00,2025-08-13T01:00:00+02:00,2025-08-13T16:43:38.958263+02:00,2025-08-13T18:03:06.548304+02:00,6.948894705517747,6.948894705517747,6.948894725,7.891715795322406,0.880530278,-7.8357726111111115,satisfied,,,2025-08-13T23:59:00+02:00,2025-08-13T00:00:00+02:00,2025-08-13T23:59:00+02:00,,False,True
pool_circulation_2025-08-14,pool_circulation,2025-08-14T07:07:32.899955+02:00,2025-08-14T10:00:00+02:00,2025-08-14T18:42:05.904586+02:00,2025-08-14T16:38:00.792112+02:00,5.392203991776206,5.392203991776206,5.392204,6.123814393058965,0.880530278,2.874194456944444,satisfied,,,2025-08-14T23:59:00+02:00,2025-08-14T00:00:00+02:00,2025-08-14T23:59:00+02:00,,False,True
pool_circulation_2025-08-15,pool_circulation,2025-08-15T08:58:29.646368+02:00,2025-08-15T00:00:00+02:00,2025-08-15T18:37:52.111639+02:00,2025-08-15T18:00:00.000008+02:00,8.502612005506489,8.502612005506489,8.50261203,9.656240353170524,0.880530278,-8.97490176888889,satisfied,,,2025-08-15T23:59:00+02:00,2025-08-15T00:00:00+02:00,2025-08-15T23:59:00+02:00,,False,True
pool_circulation_2025-08-16,pool_circulation,2025-08-16T08:41:49.263365+02:00,2025-08-16T00:00:00+02:00,2025-08-16T20:18:40.883695+02:00,2025-08-16T17:58:50.777312+02:00,5.43101894068369,5.43101894068369,5.4310189399999995,6.167895726619047,0.880530278,-8.697017601388888,satisfied,,,2025-08-16T23:59:00+02:00,2025-08-16T00:00:00+02:00,2025-08-16T23:59:00+02:00,,False,True
pool_circulation_2025-08-17,pool_circulation,2025-08-17T08:47:11.348014+02:00,2025-08-17T00:00:00+02:00,2025-08-17T19:15:12.933638+02:00,2025-08-17T17:52:11.745037+02:00,6.958308630480172,6.958308630480172,6.95830865,7.90240699492613,0.880530278,-8.786485559444444,satisfied,,,2025-08-17T23:59:00+02:00,2025-08-17T00:00:00+02:00,2025-08-17T23:59:00+02:00,,False,True
pool_circulation_2025-08-18,pool_circulation,2025-08-18T06:23:45.770579+02:00,2025-08-18T00:00:00+02:00,2025-08-18T18:49:06.172361+02:00,2025-08-18T17:58:19.091860+02:00,6.371536460615597,6.371536460615597,6.37153647,7.236021994517515,0.880530278,-6.3960473830555555,satisfied,,,2025-08-18T23:59:00+02:00,2025-08-18T00:00:00+02:00,2025-08-18T23:59:00+02:00,,False,True
pool_circulation_2025-08-19,pool_circulation,2025-08-19T06:31:16.291480+02:00,2025-08-19T01:00:00+02:00,2025-08-19T19:19:45.477629+02:00,2025-08-19T17:00:00.000008+02:00,6.388086077354355,6.388086077354355,6.38808609,7.254817051481046,0.880530278,-5.521192077777778,satisfied,,,2025-08-19T23:59:00+02:00,2025-08-19T00:00:00+02:00,2025-08-19T23:59:00+02:00,,False,True
pool_circulation_2025-08-20,pool_circulation,2025-08-20T06:17:08.619807+02:00,2025-08-20T01:00:00+02:00,2025-08-20T19:27:21.200259+02:00,2025-08-20T18:00:00.000008+02:00,8.090914583671918,8.090914583671918,8.0909146,9.188684118046464,0.880530278,-5.285727724166667,satisfied,,,2025-08-20T23:59:00+02:00,2025-08-20T00:00:00+02:00,2025-08-20T23:59:00+02:00,,False,True
pool_circulation_2025-08-21,pool_circulation,2025-08-21T08:38:50.705860+02:00,2025-08-21T09:00:00+02:00,2025-08-21T20:50:17.540670+02:00,2025-08-21T17:00:00.000008+02:00,6.744496582833056,6.744496582833056,6.74449659,7.659585080772338,0.880530278,0.35258170555555557,satisfied,,,2025-08-21T23:59:00+02:00,2025-08-21T00:00:00+02:00,2025-08-21T23:59:00+02:00,,False,True
pool_circulation_2025-08-22,pool_circulation,2025-08-22T08:27:09.673963+02:00,2025-08-22T08:00:00+02:00,2025-08-22T19:17:26.943743+02:00,2025-08-22T15:48:53.785371+02:00,5.996888504647618,5.996888504647618,5.996888511,6.810542070429722,0.880530278,-0.45268721194444445,satisfied,,,2025-08-22T23:59:00+02:00,2025-08-22T00:00:00+02:00,2025-08-22T23:59:00+02:00,,False,True
pool_circulation_2025-08-23,pool_circulation,2025-08-23T08:36:13.323842+02:00,2025-08-23T00:00:00+02:00,2025-08-23T20:23:05.967475+02:00,2025-08-23T15:24:58.605857+02:00,6.536685725429186,6.536685725429186,6.536685731,7.423578594084406,0.880530278,-8.603701067222223,satisfied,,,2025-08-23T23:59:00+02:00,2025-08-23T00:00:00+02:00,2025-08-23T23:59:00+02:00,,False,True
pool_circulation_2025-08-24,pool_circulation,2025-08-24T06:04:26.650872+02:00,2025-08-24T08:00:00+02:00,2025-08-24T20:25:09.290153+02:00,2025-08-24T17:21:48.949783+02:00,7.328777692606915,7.328777692606915,7.328777701,8.32314103582941,0.880530278,1.9259303133333332,satisfied,,,2025-08-24T23:59:00+02:00,2025-08-24T00:00:00+02:00,2025-08-24T23:59:00+02:00,,False,True
pool_circulation_2025-08-25,pool_circulation,2025-08-25T08:37:36.503160+02:00,2025-08-25T08:00:00+02:00,2025-08-25T13:46:45.394324+02:00,2025-08-25T19:24:32.024625+02:00,4.536905638477883,4.536905638477883,4.536905641,5.152469767693151,0.880530278,-0.6268064333333334,satisfied,,,2025-08-25T23:59:00+02:00,2025-08-25T00:00:00+02:00,2025-08-25T23:59:00+02:00,,False,True
pool_circulation_2025-08-26,pool_circulation,2025-08-26T08:08:42.654633+02:00,2025-08-26T04:00:00+02:00,2025-08-26T19:34:48.873096+02:00,2025-08-26T16:55:45.262546+02:00,5.9404207651671355,5.9404207651671355,5.94042077,6.746412828230898,0.880530278,-4.1451818425,satisfied,,,2025-08-26T23:59:00+02:00,2025-08-26T00:00:00+02:00,2025-08-26T23:59:00+02:00,,False,True
pool_circulation_2025-08-27,pool_circulation,2025-08-27T09:17:52.826694+02:00,2025-08-27T00:00:00+02:00,2025-08-27T17:56:07.814235+02:00,2025-08-27T16:00:00.000008+02:00,7.6055772313728776,7.6055772313728776,7.605577246,8.637496539084161,0.880530278,-9.298007415,satisfied,,,2025-08-27T23:59:00+02:00,2025-08-27T00:00:00+02:00,2025-08-27T23:59:00+02:00,,False,True
pool_circulation_2025-08-28,pool_circulation,2025-08-28T08:36:09.108075+02:00,2025-08-28T12:00:00+02:00,2025-08-28T18:17:52.279778+02:00,2025-08-28T18:48:24.416595+02:00,5.993577984591617,5.993577984591617,5.993578,6.806782381367816,0.880530278,3.3974699791666665,satisfied,,,2025-08-28T23:59:00+02:00,2025-08-28T00:00:00+02:00,2025-08-28T23:59:00+02:00,,False,True
pool_circulation_2025-08-29,pool_circulation,2025-08-29T07:59:52.481446+02:00,2025-08-29T09:00:00+02:00,2025-08-29T18:48:49.850234+02:00,2025-08-29T18:00:00.000008+02:00,7.735554273245623,7.735554273245623,7.73555429,8.78510877352512,0.880530278,1.0020884872222222,satisfied,,,2025-08-29T23:59:00+02:00,2025-08-29T00:00:00+02:00,2025-08-29T23:59:00+02:00,,False,True
pool_circulation_2025-08-30,pool_circulation,2025-08-30T08:17:11.025146+02:00,2025-08-30T00:00:00+02:00,2025-08-30T20:21:35.189567+02:00,2025-08-30T18:58:21.416018+02:00,8.223463882318283,8.223463882318283,8.223463898,9.339217611230037,0.880530278,-8.286395873888889,satisfied,,,2025-08-30T23:59:00+02:00,2025-08-30T00:00:00+02:00,2025-08-30T23:59:00+02:00,,False,True
pool_circulation_2025-08-31,pool_circulation,2025-08-31T11:41:21.666537+02:00,2025-08-31T08:00:00+02:00,2025-08-31T20:49:49.859460+02:00,2025-08-31T18:10:34.414872+02:00,8.049072298107696,8.049072298107696,8.049072311,9.141164700945875,0.880530278,-3.689351815833333,satisfied,,,2025-08-31T23:59:00+02:00,2025-08-31T00:00:00+02:00,2025-08-31T23:59:00+02:00,,False,True
pool_circulation_2025-09-01,pool_circulation,2025-09-01T10:54:33.978204+02:00,2025-09-01T08:00:00+02:00,2025-09-01T20:00:20.159155+02:00,2025-09-01T19:00:00.000008+02:00,8.009445507151401,8.009445507151401,8.009445521,9.09616137518539,0.880530278,-2.9094383899999996,satisfied,,,2025-09-01T23:59:00+02:00,2025-09-01T00:00:00+02:00,2025-09-01T23:59:00+02:00,,False,True
pool_circulation_2025-09-02,pool_circulation,2025-09-02T08:27:31.307488+02:00,2025-09-02T09:00:00+02:00,2025-09-02T18:19:54.809892+02:00,2025-09-02T19:01:29.312373+02:00,4.377404511524486,4.377404511524486,4.377404519,4.971327641312915,0.880530278,0.5413034755555556,satisfied,,,2025-09-02T23:59:00+02:00,2025-09-02T00:00:00+02:00,2025-09-02T23:59:00+02:00,,False,True
pool_circulation_2025-09-03,pool_circulation,2025-09-03T08:58:55.053823+02:00,2025-09-03T00:00:00+02:00,2025-09-03T20:57:02.834707+02:00,2025-09-03T19:03:57.370347+02:00,7.001113290587986,7.001113290587986,7.001113309,7.951019360863695,0.880530278,-8.981959395277777,satisfied,,,2025-09-03T23:59:00+02:00,2025-09-03T00:00:00+02:00,2025-09-03T23:59:00+02:00,,False,True
pool_circulation_2025-09-04,pool_circulation,2025-09-04T08:45:17.745017+02:00,2025-09-04T09:00:00+02:00,2025-09-04T21:04:32.578238+02:00,2025-09-04T18:59:39.900883+02:00,8.50375301762978,8.50375301762978,8.50375303,9.657536177006923,0.880530278,0.24507082861111112,satisfied,,,2025-09-04T23:59:00+02:00,2025-09-04T00:00:00+02:00,2025-09-04T23:59:00+02:00,,False,True
pool_circulation_2025-09-05,pool_circulation,2025-09-05T06:18:57.986199+02:00,2025-09-05T09:00:00+02:00,2025-09-05T20:03:34.848266+02:00,2025-09-05T17:00:00.000008+02:00,5.478332707258032,5.478332707258032,5.47833271,6.221628991380484,0.880530278,2.6838927224999996,satisfied,,,2025-09-05T23:59:00+02:00,2025-09-05T00:00:00+02:00,2025-09-05T23:59:00+02:00,,False,True
pool_circulation_2025-09-06,pool_circulation,2025-09-06T07:02:03.432870+02:00,2025-09-06T10:00:00+02:00,2025-09-06T19:15:14.363389+02:00,2025-09-06T18:07:36.159224+02:00,7.155815005693721,7.155815005693721,7.15581502,8.126710894611353,0.880530278,2.9657130916666663,satisfied,,,2025-09-06T23:59:00+02:00,2025-09-06T00:00:00+02:00,2025-09-06T23:59:00+02:00,,False,True
pool_circulation_2025-09-07,pool_circulation,2025-09-07T08:48:24.982714+02:00,2025-09-07T09:00:00+02:00,2025-09-07T19:59:06.449639+02:00,2025-09-07T16:08:06.407996+02:00,6.282683328051937,6.282683328051937,6.28268334,7.135113332142803,0.880530278,0.19306035722222223,satisfied,,,2025-09-07T23:59:00+02:00,2025-09-07T00:00:00+02:00,2025-09-07T23:59:00+02:00,,False,True
pool_circulation_2025-09-08,pool_circulation,2025-09-08T11:11:16.361372+02:00,2025-09-08T09:00:00+02:00,2025-09-08T17:39:51.392774+02:00,2025-09-08T15:28:35.031396+02:00,5.702664191398821,5.702664191398821,5.7026642,6.476397611687284,0.880530278,-2.187878158888889,satisfied,,,2025-09-08T23:59:00+02:00,2025-09-08T00:00:00+02:00,2025-09-08T23:59:00+02:00,,False,True
pool_circulation_2025-09-09,pool_circulation,2025-09-09T10:13:23.319136+02:00,2025-09-09T03:00:00+02:00,2025-09-09T17:52:45.301731+02:00,2025-09-09T16:25:41.849017+02:00,6.741433390255547,6.741433390255547,6.7414334,7.656106276405241,0.880530278,-7.223144204444444,satisfied,,,2025-09-09T23:59:00+02:00,2025-09-09T00:00:00+02:00,2025-09-09T23:59:00+02:00,,False,True
pool_circulation_2025-09-10,pool_circulation,2025-09-10T09:13:27.285966+02:00,2025-09-10T09:00:00+02:00,2025-09-10T16:12:55.271084+02:00,2025-09-10T16:00:13.913431+02:00,6.155881372265974,6.155881372265974,6.1558813803,6.9911069772099435,0.880530278,-0.22424610166666667,satisfied,,,2025-09-10T23:59:00+02:00,2025-09-10T00:00:00+02:00,2025-09-10T23:59:00+02:00,,False,True
pool_circulation_2025-09-11,pool_circulation,2025-09-11T08:48:01.170189+02:00,2025-09-11T09:00:00+02:00,2025-09-11T20:26:41.882940+02:00,2025-09-11T18:00:00.000008+02:00,7.599937172900541,7.599937172900541,7.5999371799999995,8.631091241490957,0.880530278,0.19967494749999998,satisfied,,,2025-09-11T23:59:00+02:00,2025-09-11T00:00:00+02:00,2025-09-11T23:59:00+02:00,,False,True
pool_circulation_2025-09-12,pool_circulation,2025-09-12T06:53:24.603305+02:00,2025-09-12T00:00:00+02:00,2025-09-12T20:05:29.368294+02:00,2025-09-12T16:00:00.000008+02:00,7.841087950273618,7.841087950273618,7.84108796,8.904961184769597,0.880530278,-6.890167584722223,satisfied,,,2025-09-12T23:59:00+02:00,2025-09-12T00:00:00+02:00,2025-09-12T23:59:00+02:00,,False,True
pool_circulation_2025-09-13,pool_circulation,2025-09-13T08:31:29.796205+02:00,2025-09-13T00:00:00+02:00,2025-09-13T19:55:32.386464+02:00,2025-09-13T18:00:00.000008+02:00,7.428191451239713,7.428191451239713,7.42819147,8.43604318250489,0.880530278,-8.524943390277777,satisfied,,,2025-09-13T23:59:00+02:00,2025-09-13T00:00:00+02:00,2025-09-13T23:59:00+02:00,,False,True
pool_circulation_2025-09-14,pool_circulation,2025-09-14T07:00:43.469577+02:00,2025-09-14T09:00:00+02:00,2025-09-14T17:55:21.686711+02:00,2025-09-14T18:57:34.634022+02:00,6.878648065678444,6.878648065678444,6.87864807,7.811938141367172,0.880530278,1.9879251175000001,satisfied,,,2025-09-14T23:59:00+02:00,2025-09-14T00:00:00+02:00,2025-09-14T23:59:00+02:00,,False,True
pool_circulation_2025-09-15,pool_circulation,2025-09-15T07:19:32.120791+02:00,2025-09-15T00:00:00+02:00,2025-09-15T20:11:25.021984+02:00,2025-09-15T13:00:00.000008+02:00,6.652307085194545,6.652307085194545,6.65230709,7.5548873776831,0.880530278,-7.325589108611111,satisfied,,,2025-09-15T23:59:00+02:00,2025-09-15T00:00:00+02:00,2025-09-15T23:59:00+02:00,,False,True
pool_circulation_2025-09-16,pool_circulation,2025-09-16T10:13:52.379989+02:00,2025-09-16T00:00:00+02:00,2025-09-16T16:53:23.342835+02:00,2025-09-16T18:00:00.000008+02:00,5.86309960709048,5.86309960709048,5.86309962,6.658600790437084,0.880530278,-10.23121666361111,satisfied,,,2025-09-16T23:59:00+02:00,2025-09-16T00:00:00+02:00,2025-09-16T23:59:00+02:00,,False,True
pool_circulation_2025-09-17,pool_circulation,2025-09-17T07:47:38.168931+02:00,2025-09-17T00:00:00+02:00,2025-09-17T19:58:12.016968+02:00,2025-09-17T17:50:38.861607+02:00,7.837144856595056,7.837144856595056,7.83714486,8.90048309494607,0.880530278,-7.793935814166667,satisfied,,,2025-09-17T23:59:00+02:00,2025-09-17T00:00:00+02:00,2025-09-17T23:59:00+02:00,,False,True
pool_circulation_2025-09-18,pool_circulation,2025-09-18T07:23:28.499533+02:00,2025-09-18T09:00:00+02:00,2025-09-18T19:32:30.450759+02:00,2025-09-18T16:48:04.193509+02:00,6.817078180847802,6.817078180847802,6.81707819,7.742014498367036,0.880530278,1.6087501297222222,satisfied,,,2025-09-18T23:59:00+02:00,2025-09-18T00:00:00+02:00,2025-09-18T23:59:00+02:00,,False,True
pool_circulation_2025-09-19,pool_circulation,2025-09-19T07:23:12.246005+02:00,2025-09-19T00:00:00+02:00,2025-09-19T20:03:34.848857+02:00,2025-09-19T15:00:00.000008+02:00,8.553798869101751,8.553798869101751,8.55379888,9.714372214001138,0.880530278,-7.386735001388889,satisfied,,,2025-09-19T23:59:00+02:00,2025-09-19T00:00:00+02:00,2025-09-19T23:59:00+02:00,,False,True
pool_circulation_2025-09-20,pool_circulation,2025-09-20T10:12:50.006487+02:00,2025-09-20T00:00:00+02:00,2025-09-20T18:50:27.619983+02:00,2025-09-20T15:00:00.000008+02:00,7.596435848585279,7.596435848585279,7.59643587,8.627114859983642,0.880530278,-10.213890690833333,satisfied,,,2025-09-20T23:59:00+02:00,2025-09-20T00:00:00+02:00,2025-09-20T23:59:00+02:00,,False,True
pool_circulation_2025-09-21,pool_circulation,2025-09-21T11:46:24.267362+02:00,2025-09-21T00:00:00+02:00,2025-09-21T18:22:45.694890+02:00,2025-09-21T18:08:27.884150+02:00,5.8167408331738555,5.8167408331738555,5.81674085,6.605952091057727,0.880530278,-11.773407600555554,satisfied,,,2025-09-21T23:59:00+02:00,2025-09-21T00:00:00+02:00,2025-09-21T23:59:00+02:00,,False,True
pool_circulation_2025-09-22,pool_circulation,2025-09-22T06:00:12.082236+02:00,2025-09-22T00:00:00+02:00,2025-09-22T21:06:57.585758+02:00,2025-09-22T18:44:11.758190+02:00,8.522436976775072,8.522436976775072,8.52243699,9.678755162436214,0.880530278,-6.003356176666666,satisfied,,,2025-09-22T23:59:00+02:00,2025-09-22T00:00:00+02:00,2025-09-22T23:59:00+02:00,,False,True
pool_circulation_2025-09-23,pool_circulation,2025-09-23T10:09:41.499651+02:00,2025-09-23T00:00:00+02:00,2025-09-23T18:46:53.470783+02:00,2025-09-23T17:21:31.608682+02:00,7.590163938017232,7.590163938017232,7.59016396,8.619991981051918,0.880530278,-10.161527680833332,satisfied,,,2025-09-23T23:59:00+02:00,2025-09-23T00:00:00+02:00,2025-09-23T23:59:00+02:00,,False,True
pool_circulation_2025-09-24,pool_circulation,2025-09-24T09:33:03.944312+02:00,2025-09-24T04:00:00+02:00,2025-09-24T16:38:08.662753+02:00,2025-09-24T16:00:00.000008+02:00,6.238243563079298,6.238243563079298,6.23824357,7.084644011475659,0.880530278,-5.551095642222222,satisfied,,,2025-09-24T23:59:00+02:00,2025-09-24T00:00:00+02:00,2025-09-24T23:59:00+02:00,,False,True
pool_circulation_2025-09-25,pool_circulation,2025-09-25T08:02:26.611478+02:00,2025-09-25T10:00:00+02:00,2025-09-25T19:55:27.872773+02:00,2025-09-25T17:13:15.475828+02:00,6.245756969389237,6.245756969389237,6.24575699,7.0931768314082655,0.880530278,1.9592745894444445,satisfied,,,2025-09-25T23:59:00+02:00,2025-09-25T00:00:00+02:00,2025-09-25T23:59:00+02:00,,False,True
pool_circulation_2025-09-26,pool_circulation,2025-09-26T06:17:26.356666+02:00,2025-09-26T10:00:00+02:00,2025-09-26T20:01:47.087550+02:00,2025-09-26T18:23:29.202144+02:00,7.388921432023967,7.388921432023967,7.38892145,8.391445035020881,0.880530278,3.7093453705555555,satisfied,,,2025-09-26T23:59:00+02:00,2025-09-26T00:00:00+02:00,2025-09-26T23:59:00+02:00,,False,True
pool_circulation_2025-09-27,pool_circulation,2025-09-27T06:55:00.373960+02:00,2025-09-27T00:00:00+02:00,2025-09-27T19:41:07.284502+02:00,2025-09-27T18:00:00.000008+02:00,8.744789560676335,8.744789560676335,8.744789574,9.931276386726891,0.880530278,-6.916770544444445,satisfied,,,2025-09-27T23:59:00+02:00,2025-09-27T00:00:00+02:00,2025-09-27T23:59:00+02:00,,False,True
pool_circulation_2025-09-28,pool_circulation,2025-09-28T07:49:55.267121+02:00,2025-09-28T03:00:00+02:00,2025-09-28T17:38:04.266838+02:00,2025-09-28T18:47:01.331003+02:00,7.042462289564111,7.042462289564111,7.04246231,7.997978562602865,0.880530278,-4.832018644722223,satisfied,,,2025-09-28T23:59:00+02:00,2025-09-28T00:00:00+02:00,2025-09-28T23:59:00+02:00,,False,True
pool_circulation_2025-09-29,pool_circulation,2025-09-29T07:20:04.861986+02:00,2025-09-29T02:00:00+02:00,2025-09-29T20:45:43.760510+02:00,2025-09-29T18:53:29.733319+02:00,7.958177643423781,7.958177643423781,7.958177664,9.03793752418209,0.880530278,-5.334683885,satisfied,,,2025-09-29T23:59:00+02:00,2025-09-29T00:00:00+02:00,2025-09-29T23:59:00+02:00,,False,True
pool_circulation_2025-09-30,pool_circulation,2025-09-30T08:30:40.028334+02:00,2025-09-30T10:00:00+02:00,2025-09-30T18:07:29.164033+02:00,2025-09-30T18:00:00.000008+02:00,5.048294133317593,5.048294133317593,5.04829414,5.733243089681773,0.880530278,1.4888810183333334,satisfied,,,2025-09-30T23:59:00+02:00,2025-09-30T00:00:00+02:00,2025-09-30T23:59:00+02:00,,False,True
pool_heating_001,pool_heating,2025-09-16T11:05:49.574611+02:00,2025-09-16T10:45:00+02:00,2025-09-16T15:56:05.127066+02:00,2025-09-16T15:35:15.552455+02:00,21.188268522440637,21.188268522440637,21.188268522440637,4.83765345975919,4.379864886703842,-0.3471040586111111,satisfied,,,2025-09-16T22:00:00+02:00,2025-09-16T08:00:00+02:00,2025-09-16T17:09:44.447545+02:00,2025-09-16T17:09:44.447545+02:00,True,True
pool_heating_002,pool_heating,2025-09-17T08:28:25.469552+02:00,2025-09-17T12:15:00+02:00,2025-09-17T11:44:59.250758+02:00,2025-09-17T15:31:33.781206+02:00,14.348657829238231,14.348657829238231,14.348657829238231,3.276050334976568,4.379864886703842,3.776258457777778,satisfied,,,2025-09-17T22:00:00+02:00,2025-09-17T08:00:00+02:00,2025-09-17T18:43:26.218794+02:00,2025-09-17T18:43:26.218794+02:00,True,True
pool_heating_003,pool_heating,2025-09-21T11:01:43.193816+02:00,2025-09-21T13:30:00+02:00,2025-09-21T13:55:05.926693+02:00,2025-09-21T16:23:22.732877+02:00,12.656267904165473,12.656267904165473,12.656267904165473,2.8896480214690388,4.379864886703842,2.4713350511111107,satisfied,,,2025-09-21T22:00:00+02:00,2025-09-21T08:00:00+02:00,2025-09-21T19:06:37.267123+02:00,2025-09-21T19:06:37.267123+02:00,True,True
pool_heating_004,pool_heating,2025-09-22T09:53:16.172441+02:00,2025-09-22T12:30:00+02:00,2025-09-22T12:47:09.650108+02:00,2025-09-22T15:23:53.477667+02:00,12.693672911584311,12.693672911584311,12.693672911584311,2.898188240947587,4.379864886703842,2.6121743219444444,satisfied,,,2025-09-22T22:00:00+02:00,2025-09-22T08:00:00+02:00,2025-09-22T19:06:06.522333+02:00,2025-09-22T19:06:06.522333+02:00,True,True
pool_heating_005,pool_heating,2025-09-27T11:34:37.678714+02:00,2025-09-27T13:15:00+02:00,2025-09-27T14:13:19.101051+02:00,2025-09-27T15:53:41.422337+02:00,11.584039823378061,11.584039823378061,11.584039823378063,2.64483953798307,4.379864886703842,1.672867023888889,satisfied,,,2025-09-27T22:00:00+02:00,2025-09-27T08:00:00+02:00,2025-09-27T19:21:18.577663+02:00,2025-09-27T19:21:18.577663+02:00,True,True
sauna_001,sauna,2025-08-18T21:43:59.605843+02:00,2025-08-18T22:30:00+02:00,2025-08-18T22:54:08.363779+02:00,2025-08-18T23:40:08.757936+02:00,7.705179116658596,7.705179116658596,7.705179116658596,1.169099426663591,6.590696172564085,0.7667761547222223,satisfied,,,,2025-08-18T20:43:59.605843+02:00,2025-08-18T22:30:00+02:00,2025-08-18T22:30:00+02:00,True,
sauna_002,sauna,2025-08-22T21:13:56.304520+02:00,2025-08-22T22:00:00+02:00,2025-08-22T22:58:07.416393+02:00,2025-08-22T23:44:11.111873+02:00,11.44421641497203,11.44421641497203,11.44421641497203,1.7364199646483933,6.590696172564085,0.7676931888888888,satisfied,,,,2025-08-22T21:08:51.759952+02:00,2025-08-22T22:13:56.304520+02:00,2025-08-22T22:30:00+02:00,True,
sauna_003,sauna,2025-08-30T21:46:17.865620+02:00,2025-08-30T22:30:00+02:00,2025-08-30T23:29:04.621802+02:00,2025-08-31T00:12:46.756182+02:00,11.289782323779084,11.289782323779084,11.289782323779084,1.7129878283232767,6.590696172564085,0.7283706611111112,satisfied,,,,2025-08-30T20:46:17.865620+02:00,2025-08-30T22:30:00+02:00,2025-08-30T22:30:00+02:00,True,
sauna_004,sauna,2025-09-06T20:50:01.389476+02:00,2025-09-06T21:50:01.389476+02:00,2025-09-06T22:19:25.484637+02:00,2025-09-06T23:19:25.484637+02:00,9.820311513073968,9.820311513073968,9.820311513073968,1.4900264336192899,6.590696172564085,1.0,satisfied,,,,2025-09-06T19:50:01.389476+02:00,2025-09-06T21:50:01.389476+02:00,2025-09-06T22:30:00+02:00,True,
sauna_005,sauna,2025-09-08T20:55:27.534572+02:00,2025-09-08T21:55:27.534572+02:00,2025-09-08T22:23:26.792924+02:00,2025-09-08T23:23:26.792924+02:00,9.664996615593612,9.664996615593612,9.664996615593612,1.4664606534021856,6.590696172564085,1.0,satisfied,,,,2025-09-08T19:55:27.534572+02:00,2025-09-08T21:55:27.534572+02:00,2025-09-08T22:30:00+02:00,True,
sauna_006,sauna,2025-09-13T20:15:46.967270+02:00,2025-09-13T21:15:46.967270+02:00,2025-09-13T21:33:08.592334+02:00,2025-09-13T22:33:08.592334+02:00,8.497650150748333,8.497650150748333,8.497650150748333,1.2893402955096858,6.590696172564085,1.0,satisfied,,,,2025-09-13T19:15:46.967270+02:00,2025-09-13T21:15:46.967270+02:00,2025-09-13T22:30:00+02:00,True,
sauna_007,sauna,2025-09-20T20:09:48.994106+02:00,2025-09-20T21:09:48.994106+02:00,2025-09-20T21:36:16.934562+02:00,2025-09-20T22:36:16.934562+02:00,9.497816474377029,9.497816474377029,9.497816474377029,1.4410945711493692,6.590696172564085,1.0,satisfied,,,,2025-09-20T19:09:48.994106+02:00,2025-09-20T21:09:48.994106+02:00,2025-09-20T22:30:00+02:00,True,
sauna_008,sauna,2025-09-23T20:39:55.107226+02:00,2025-09-23T21:39:55.107226+02:00,2025-09-23T22:28:57.554537+02:00,2025-09-23T23:28:57.554537+02:00,11.977578458744418,11.977578458744418,11.977578458744418,1.81734647526387,6.590696172564085,1.0,satisfied,,,,2025-09-23T19:39:55.107226+02:00,2025-09-23T21:39:55.107226+02:00,2025-09-23T22:30:00+02:00,True,
sauna_009,sauna,2025-09-28T21:16:20.938686+02:00,2025-09-28T22:00:00+02:00,2025-09-28T22:50:55.459205+02:00,2025-09-28T23:34:34.520519+02:00,10.388622406253532,10.388622406253532,10.388622406253532,1.5762556995874806,6.590696172564085,0.7275170316666667,satisfied,,,,2025-09-28T20:16:20.938686+02:00,2025-09-28T22:16:20.938686+02:00,2025-09-28T22:30:00+02:00,True,
hvac_2025-08-01_2025-09-30,hvac,2025-08-01T00:00:00+02:00,2025-08-01T00:00:00+02:00,2025-10-01T00:00:00+02:00,2025-10-01T00:00:00+02:00,594.388453417,594.388453417,545.0052125610046,1464,1.727328253,0.0,comfort_violation_lexicographically_minimized,,,,2025-08-01T00:00:00+02:00,2025-10-01T00:00:00+02:00,,False,False
