horizon_hours,actual_demand_rank,forecast_origin,timestamp,actual_demand_kwh,frozen_stage5_model,frozen_stage5_point_forecast_kwh,ensemble_p50_kwh,ensemble_p90_kwh,ensemble_p95_kwh,ensemble_maximum_kwh,peak_probability,origin_peak_threshold_kwh,ranked_in_top_10_percent_risk
24,1,2025-09-19T23:00:00+02:00,2025-09-20T20:00:00+02:00,17.316185669,M2_GBT_HISTORY,2.351872848294578,1.9844072465,9.009263983099997,10.574838524799995,18.161001671,0.335,3.7975427456000026,True
24,2,2025-09-19T23:00:00+02:00,2025-09-20T19:00:00+02:00,16.391951021,M2_GBT_HISTORY,2.8130093972962196,2.0937948155,8.6487827672,10.187291467249999,17.604242902,0.275,3.7975427456000026,True
24,3,2025-09-19T23:00:00+02:00,2025-09-20T18:00:00+02:00,15.731906587,M2_GBT_HISTORY,2.41646286630898,1.573788933,8.250165331299998,9.3384740595,15.500323060000001,0.26,3.7975427456000026,False
24,4,2025-09-19T23:00:00+02:00,2025-09-20T17:00:00+02:00,14.80883985,M2_GBT_HISTORY,2.2031317901881096,1.2983032115,8.383297732099999,9.517522498899996,14.928939668,0.19,3.7975427456000026,False
24,5,2025-09-10T23:00:00+02:00,2025-09-11T19:00:00+02:00,14.736769083,M2_GBT_HISTORY,2.3108097192953,3.3960960125,11.414658471799994,15.0950479762,22.187817981000002,0.505,3.343047598300002,True
24,6,2025-09-19T23:00:00+02:00,2025-09-20T21:00:00+02:00,10.58461513,M2_GBT_HISTORY,1.7227556728082003,1.3688332019999998,8.0252381757,8.6322753263,15.880972619000001,0.3,3.7975427456000026,True
24,7,2025-09-07T23:00:00+02:00,2025-09-08T20:00:00+02:00,10.166290178,M2_GBT_HISTORY,1.5377071544625527,2.2717128625000003,8.909013151699995,10.772187643599997,18.775328854,0.41,3.112946172899999,True
24,8,2025-09-22T23:00:00+02:00,2025-09-23T21:00:00+02:00,9.06390163,M2_GBT_HISTORY,2.1236451713421034,3.867176432,10.564663691,11.974352590699993,19.118828264999998,0.35,4.509140465700005,False
24,9,2025-09-07T23:00:00+02:00,2025-09-08T21:00:00+02:00,8.329325808,M2_GBT_HISTORY,1.4399786891697115,1.094814467,7.9410785931,8.633502108849996,14.915662490999999,0.255,3.112946172899999,False
24,10,2025-09-07T23:00:00+02:00,2025-09-08T19:00:00+02:00,7.591554931,M2_GBT_HISTORY,1.8976075523786604,4.137427969,11.2984297853,14.275912220499993,19.645297595,0.57,3.112946172899999,True
24,11,2025-09-07T23:00:00+02:00,2025-09-08T18:00:00+02:00,7.591375735,M2_GBT_HISTORY,1.8537143273586523,4.069816342999999,10.225883055799999,12.122861976199996,15.789834016,0.545,3.112946172899999,True
24,12,2025-09-25T23:00:00+02:00,2025-09-26T18:00:00+02:00,6.473537784,M2_GBT_HISTORY,3.3851663193280843,2.9106322679999996,11.221584848599997,13.541547519999986,19.413477816,0.43,4.728316851300005,True
24,13,2025-09-10T23:00:00+02:00,2025-09-11T20:00:00+02:00,6.470507673,M2_GBT_HISTORY,2.1149441839336336,2.3613781795,9.573388205999999,11.016827255299999,20.475694798,0.4,3.343047598300002,True
24,14,2025-09-28T23:00:00+02:00,2025-09-29T16:00:00+02:00,5.943935144,M2_GBT_HISTORY,1.7559389618099548,0.8936084234999999,2.384501103699999,4.055726515949996,8.51687227,0.03,4.7648620059999995,False
24,15,2025-09-22T23:00:00+02:00,2025-09-23T00:00:00+02:00,5.843167412,M2_GBT_HISTORY,4.665950744791121,0.590276917,3.680115548,4.12251776905,5.551624298999999,0.01,4.509140465700005,False
72,1,2025-09-19T23:00:00+02:00,2025-09-20T20:00:00+02:00,17.316185669,M1_GBT_CAL_WEATHER,3.530355879810193,1.9844072465,9.009263983099997,10.574838524799995,18.161001671,0.335,3.7975427456000026,True
72,2,2025-09-13T23:00:00+02:00,2025-09-16T19:00:00+02:00,16.628074464,M1_GBT_CAL_WEATHER,5.562286241300066,3.6542073065,11.712091634499998,13.589776568899989,18.322814227000002,0.51,3.481469789,True
72,3,2025-09-19T23:00:00+02:00,2025-09-20T19:00:00+02:00,16.391951021,M1_GBT_CAL_WEATHER,5.262256642643934,2.0937948155,8.6487827672,10.187291467249999,17.604242902,0.275,3.7975427456000026,False
72,4,2025-09-19T23:00:00+02:00,2025-09-20T18:00:00+02:00,15.731906587,M1_GBT_CAL_WEATHER,5.262256642643934,1.573788933,8.250165331299998,9.3384740595,15.500323060000001,0.26,3.7975427456000026,False
72,5,2025-09-13T23:00:00+02:00,2025-09-15T19:00:00+02:00,15.211512589,M1_GBT_CAL_WEATHER,4.838917585019432,5.748817839999999,14.2036722715,16.158438552249997,21.347971038,0.635,3.481469789,True
72,6,2025-09-10T23:00:00+02:00,2025-09-12T19:00:00+02:00,15.019444162,M1_GBT_CAL_WEATHER,3.309384633370794,3.217523665,10.439286252799997,14.058424850549999,17.489302143,0.495,3.343047598300002,True
72,7,2025-09-19T23:00:00+02:00,2025-09-20T17:00:00+02:00,14.80883985,M1_GBT_CAL_WEATHER,3.1307373615344423,1.2983032115,8.383297732099999,9.517522498899996,14.928939668,0.19,3.7975427456000026,False
72,8,2025-09-10T23:00:00+02:00,2025-09-11T19:00:00+02:00,14.736769083,M1_GBT_CAL_WEATHER,3.963562179090845,3.3960960125,11.414658471799994,15.0950479762,22.187817981000002,0.505,3.343047598300002,True
72,9,2025-09-25T23:00:00+02:00,2025-09-28T21:00:00+02:00,13.803698005,M1_GBT_CAL_WEATHER,2.6854116338016993,1.2850219594999999,8.4736915062,9.466899077399994,15.292488046999999,0.23,4.728316851300005,False
72,10,2025-09-25T23:00:00+02:00,2025-09-28T22:00:00+02:00,13.803691127,M1_GBT_CAL_WEATHER,2.0493053758077306,0.6825758835,7.941140119899999,8.5694265509,13.724125343,0.14,4.728316851300005,False
72,11,2025-09-16T23:00:00+02:00,2025-09-18T18:00:00+02:00,13.171239836,M1_GBT_CAL_WEATHER,6.09390461840724,3.9841638925,12.3457755678,15.399028179799984,18.026735498,0.53,3.7708782645000003,True
72,12,2025-09-22T23:00:00+02:00,2025-09-24T18:00:00+02:00,11.606227355,M1_GBT_CAL_WEATHER,6.692607443062861,4.352574645000001,11.9225478694,14.625933745649995,18.365096776999998,0.495,4.509140465700005,True
72,13,2025-09-19T23:00:00+02:00,2025-09-22T19:00:00+02:00,11.406464743,M1_GBT_CAL_WEATHER,5.588516675493751,3.8367146615000003,11.925872432399999,15.054528905199998,19.881910776999998,0.505,3.7975427456000026,True
72,14,2025-09-22T23:00:00+02:00,2025-09-25T19:00:00+02:00,11.255165035,M1_GBT_CAL_WEATHER,6.692607443062861,5.0702605625,12.3315017765,13.833059851949997,21.680823134,0.575,4.509140465700005,True
72,15,2025-09-25T23:00:00+02:00,2025-09-27T19:00:00+02:00,11.129941916,M1_GBT_CAL_WEATHER,5.854815183004974,1.8932080105,8.042814513299998,9.321664467999996,17.840476188,0.24,4.728316851300005,True
168,1,2025-09-13T23:00:00+02:00,2025-09-20T20:00:00+02:00,17.316185669,M1_GBT_CAL_WEATHER,4.292313491207371,1.9844072465,9.009263983099997,10.574838524799995,18.161001671,0.36,3.481469789,False
168,2,2025-09-16T23:00:00+02:00,2025-09-20T20:00:00+02:00,17.316185669,M1_GBT_CAL_WEATHER,4.336513136487586,1.9844072465,9.009263983099997,10.574838524799995,18.161001671,0.335,3.7708782645000003,False
168,3,2025-09-19T23:00:00+02:00,2025-09-20T20:00:00+02:00,17.316185669,M1_GBT_CAL_WEATHER,3.530355879810193,1.9844072465,9.009263983099997,10.574838524799995,18.161001671,0.335,3.7975427456000026,False
168,4,2025-09-10T23:00:00+02:00,2025-09-16T19:00:00+02:00,16.628074464,M1_GBT_CAL_WEATHER,4.533171800956807,3.6542073065,11.712091634499998,13.589776568899989,18.322814227000002,0.51,3.343047598300002,True
168,5,2025-09-13T23:00:00+02:00,2025-09-16T19:00:00+02:00,16.628074464,M1_GBT_CAL_WEATHER,5.562286241300066,3.6542073065,11.712091634499998,13.589776568899989,18.322814227000002,0.51,3.481469789,True
168,6,2025-09-13T23:00:00+02:00,2025-09-20T19:00:00+02:00,16.391951021,M1_GBT_CAL_WEATHER,4.838917585019432,2.0937948155,8.6487827672,10.187291467249999,17.604242902,0.315,3.481469789,False
168,7,2025-09-16T23:00:00+02:00,2025-09-20T19:00:00+02:00,16.391951021,M1_GBT_CAL_WEATHER,5.424898312704568,2.0937948155,8.6487827672,10.187291467249999,17.604242902,0.28,3.7708782645000003,False
168,8,2025-09-19T23:00:00+02:00,2025-09-20T19:00:00+02:00,16.391951021,M1_GBT_CAL_WEATHER,5.262256642643934,2.0937948155,8.6487827672,10.187291467249999,17.604242902,0.275,3.7975427456000026,False
168,9,2025-09-13T23:00:00+02:00,2025-09-20T18:00:00+02:00,15.731906587,M1_GBT_CAL_WEATHER,4.838917585019432,1.573788933,8.250165331299998,9.3384740595,15.500323060000001,0.28,3.481469789,False
168,10,2025-09-16T23:00:00+02:00,2025-09-20T18:00:00+02:00,15.731906587,M1_GBT_CAL_WEATHER,5.424898312704568,1.573788933,8.250165331299998,9.3384740595,15.500323060000001,0.26,3.7708782645000003,False
168,11,2025-09-19T23:00:00+02:00,2025-09-20T18:00:00+02:00,15.731906587,M1_GBT_CAL_WEATHER,5.262256642643934,1.573788933,8.250165331299998,9.3384740595,15.500323060000001,0.26,3.7975427456000026,False
168,12,2025-09-10T23:00:00+02:00,2025-09-15T19:00:00+02:00,15.211512589,M1_GBT_CAL_WEATHER,3.309384633370794,5.748817839999999,14.2036722715,16.158438552249997,21.347971038,0.655,3.343047598300002,True
168,13,2025-09-13T23:00:00+02:00,2025-09-15T19:00:00+02:00,15.211512589,M1_GBT_CAL_WEATHER,4.838917585019432,5.748817839999999,14.2036722715,16.158438552249997,21.347971038,0.635,3.481469789,True
168,14,2025-09-07T23:00:00+02:00,2025-09-12T19:00:00+02:00,15.019444162,M1_GBT_CAL_WEATHER,2.3510134153116145,3.217523665,10.439286252799997,14.058424850549999,17.489302143,0.505,3.112946172899999,True
168,15,2025-09-10T23:00:00+02:00,2025-09-12T19:00:00+02:00,15.019444162,M1_GBT_CAL_WEATHER,3.309384633370794,3.217523665,10.439286252799997,14.058424850549999,17.489302143,0.495,3.343047598300002,True
