horizon_hours,probability_bin,lower_bound_inclusive,upper_bound_inclusive_only_for_last_bin,observation_count,mean_predicted_peak_probability,actual_peak_frequency,sample_size_at_least_30
24,0.0-0.1,0.0,0.1,167,0.023083832,0.035928144,True
24,0.1-0.2,0.1,0.2,23,0.13673913,0.130434783,False
24,0.2-0.3,0.2,0.3,13,0.248076923,0.307692308,False
24,0.3-0.4,0.3,0.4,14,0.326785714,0.285714286,False
24,0.4-0.5,0.4,0.5,10,0.4335,0.3,False
24,0.5-0.6,0.5,0.6,11,0.535454545,0.363636364,False
24,0.6-0.7,0.6,0.7,2,0.6,0,False
24,0.7-0.8,0.7,0.8,0,,,False
24,0.8-0.9,0.8,0.9,0,,,False
24,0.9-1.0,0.9,1.0,0,,,False
72,0.0-0.1,0.0,0.1,442,0.025079186,0.033936652,True
72,0.1-0.2,0.1,0.2,68,0.141544118,0.161764706,True
72,0.2-0.3,0.2,0.3,44,0.246477273,0.318181818,True
72,0.3-0.4,0.3,0.4,40,0.339,0.375,True
72,0.4-0.5,0.4,0.5,20,0.43925,0.6,False
72,0.5-0.6,0.5,0.6,30,0.540166667,0.566666667,True
72,0.6-0.7,0.6,0.7,4,0.62875,0.5,False
72,0.7-0.8,0.7,0.8,0,,,False
72,0.8-0.9,0.8,0.9,0,,,False
72,0.9-1.0,0.9,1.0,0,,,False
168,0.0-0.1,0.0,0.1,866,0.025513857,0.040415704,True
168,0.1-0.2,0.1,0.2,149,0.143389262,0.120805369,True
168,0.2-0.3,0.2,0.3,109,0.246146789,0.23853211,True
168,0.3-0.4,0.3,0.4,92,0.339456522,0.391304348,True
168,0.4-0.5,0.4,0.5,53,0.441981132,0.490566038,True
168,0.5-0.6,0.5,0.6,59,0.540254237,0.644067797,True
168,0.6-0.7,0.6,0.7,16,0.6271875,0.5,False
168,0.7-0.8,0.7,0.8,0,,,False
168,0.8-0.9,0.8,0.9,0,,,False
168,0.9-1.0,0.9,1.0,0,,,False
